adjudication_order,priority,machine_task,action_type,product_slug,product_label,product_standard_scope,product_review_state,metal_species,source_ids,aggregate_hmtc_p90_status,required_decisions,input_artifacts,guardrails,expected_outputs,confidence_gate,human_exception_trigger,blocks_public_claims,blocks_hmtc_threshold,next_command,notes
1,P1,discover_or_route_species_specific_source,resolve-species-specific-gap,fish-containing-baby-foods,Fish-containing baby foods,locked_hmtc_row,published,MeHg,,BLOCKED: species-specific evidence missing,"exact analyte species; product row fit; basis; source provenance; routeability; whether related total-species rows must remain separate","data/evidence/hmtc_standards_action_queue.csv; data/evidence/hmtc_standards_gap_report.csv; data/evidence/local_reingest_context_dispositions.csv","Do not infer p50, p90, or p95 unless source-reported or deterministically documented; keep total arsenic separate from inorganic arsenic; keep total mercury separate from methylmercury; keep wet, dry, as-sold, prepared, and reconstituted bases separate; do not promote pending-tier evidence into public claims. Do not substitute total arsenic for inorganic arsenic, total mercury for methylmercury, or total chromium for Cr-VI. Related total-species rows are context only and cannot substitute for species-specific evidence.","species-specific structured rows, a source-discovery gap, or a documented not-routeable disposition",Close the species gap only when the source reports the exact requested species and routeable product/basis with >=0.90 confidence.,"no accessible source after search; species conflict; threshold candidate ready for governance approval",true,true,npm run evidence:show-results -- --product fish-containing-baby-foods,"Load MeHg rows for this product; related total-species rows cannot substitute. Find or route MeHg evidence for this exact product row; related total-species rows cannot substitute. Total/speciated analytes are intentionally separated before HMTc standards math."
2,P1,discover_or_route_species_specific_source,resolve-species-specific-gap,infant-formula-powder-non-soy,"Infant formula, powder (non-soy)",locked_hmtc_row,published,MeHg,,BLOCKED: species-specific evidence missing,"exact analyte species; product row fit; basis; source provenance; routeability; whether related total-species rows must remain separate","data/evidence/hmtc_standards_action_queue.csv; data/evidence/hmtc_standards_gap_report.csv","Do not infer p50, p90, or p95 unless source-reported or deterministically documented; keep total arsenic separate from inorganic arsenic; keep total mercury separate from methylmercury; keep wet, dry, as-sold, prepared, and reconstituted bases separate; do not promote pending-tier evidence into public claims. Do not substitute total arsenic for inorganic arsenic, total mercury for methylmercury, or total chromium for Cr-VI. Related total-species rows are context only and cannot substitute for species-specific evidence.","species-specific structured rows, a source-discovery gap, or a documented not-routeable disposition",Close the species gap only when the source reports the exact requested species and routeable product/basis with >=0.90 confidence.,"no accessible source after search; species conflict; threshold candidate ready for governance approval",true,true,npm run evidence:show-results -- --product infant-formula-powder-non-soy,"Load MeHg rows for this product; related total-species rows cannot substitute. Find or route MeHg evidence for this exact product row; related total-species rows cannot substitute. Total/speciated analytes are intentionally separated before HMTc standards math."
3,P1,discover_or_route_species_specific_source,resolve-species-specific-gap,infant-formula-rtf-liquid-soy-based,"Infant formula, RTF liquid (soy-based)",locked_hmtc_row,published,iAs,,BLOCKED: species-specific evidence missing,"exact analyte species; product row fit; basis; source provenance; routeability; whether related total-species rows must remain separate","data/evidence/hmtc_standards_action_queue.csv; data/evidence/hmtc_standards_gap_report.csv","Do not infer p50, p90, or p95 unless source-reported or deterministically documented; keep total arsenic separate from inorganic arsenic; keep total mercury separate from methylmercury; keep wet, dry, as-sold, prepared, and reconstituted bases separate; do not promote pending-tier evidence into public claims. Do not substitute total arsenic for inorganic arsenic, total mercury for methylmercury, or total chromium for Cr-VI. Related total-species rows are context only and cannot substitute for species-specific evidence.","species-specific structured rows, a source-discovery gap, or a documented not-routeable disposition",Close the species gap only when the source reports the exact requested species and routeable product/basis with >=0.90 confidence.,"no accessible source after search; species conflict; threshold candidate ready for governance approval",true,true,npm run evidence:show-results -- --product infant-formula-rtf-liquid-soy-based,"Load iAs rows for this product; related total-species rows cannot substitute. Find or route iAs evidence for this exact product row; related total-species rows cannot substitute. Total/speciated analytes are intentionally separated before HMTc standards math."
4,P2,find_or_route_fit_product_evidence,find-or-route-fit-source-evidence,coffee,Coffee,locked_hmtc_row,draft,"Pb; Cd; tAs",,BLOCKED: no structured evidence loaded,"product row fit; basis; analyte species; unit; statistic type; N; censoring/non-detect handling; Evidence Fitness; routeability; public-use boundary","data/evidence/hmtc_standards_action_queue.csv; data/evidence/hmtc_standards_gap_report.csv","Do not infer p50, p90, or p95 unless source-reported or deterministically documented; keep total arsenic separate from inorganic arsenic; keep total mercury separate from methylmercury; keep wet, dry, as-sold, prepared, and reconstituted bases separate; do not promote pending-tier evidence into public claims. Create or update the source page and routing record before public synthesis. Missing data must remain visible as a gap. Missing data must remain visible as a gap rather than disappearing from the queue.","new routeable source evidence, a product/metal gap, or an explicit reason existing sources are not fit evidence","Route only if product scope, species, basis, and statistic type are explicit enough for reproducible adjudication.","no accessible source; product definition conflict; governance decision needed for row inclusion",true,true,npm run evidence:show-results -- --product coffee,"Add or route fit-source product evidence before any HMTc p90 decision. Search local/raw evidence first, then source discovery, and route fit-source values to this product/metal row."
5,P2,find_or_route_fit_product_evidence,find-or-route-fit-source-evidence,fermented-beverages-non-tea-based,"Fermented beverages, non-tea-based",locked_hmtc_row,draft,"Pb; Cd",,BLOCKED: no structured evidence loaded,"product row fit; basis; analyte species; unit; statistic type; N; censoring/non-detect handling; Evidence Fitness; routeability; public-use boundary","data/evidence/hmtc_standards_action_queue.csv; data/evidence/hmtc_standards_gap_report.csv","Do not infer p50, p90, or p95 unless source-reported or deterministically documented; keep total arsenic separate from inorganic arsenic; keep total mercury separate from methylmercury; keep wet, dry, as-sold, prepared, and reconstituted bases separate; do not promote pending-tier evidence into public claims. Create or update the source page and routing record before public synthesis. Missing data must remain visible as a gap. Missing data must remain visible as a gap rather than disappearing from the queue.","new routeable source evidence, a product/metal gap, or an explicit reason existing sources are not fit evidence","Route only if product scope, species, basis, and statistic type are explicit enough for reproducible adjudication.","no accessible source; product definition conflict; governance decision needed for row inclusion",true,true,npm run evidence:show-results -- --product fermented-beverages-non-tea-based,"Add or route fit-source product evidence before any HMTc p90 decision. Search local/raw evidence first, then source discovery, and route fit-source values to this product/metal row."
6,P2,find_or_route_fit_product_evidence,find-or-route-fit-source-evidence,flavored-waters,Flavored waters,locked_hmtc_row,draft,Pb,,BLOCKED: no structured evidence loaded,"product row fit; basis; analyte species; unit; statistic type; N; censoring/non-detect handling; Evidence Fitness; routeability; public-use boundary","data/evidence/hmtc_standards_action_queue.csv; data/evidence/hmtc_standards_gap_report.csv","Do not infer p50, p90, or p95 unless source-reported or deterministically documented; keep total arsenic separate from inorganic arsenic; keep total mercury separate from methylmercury; keep wet, dry, as-sold, prepared, and reconstituted bases separate; do not promote pending-tier evidence into public claims. Create or update the source page and routing record before public synthesis. Missing data must remain visible as a gap. Missing data must remain visible as a gap rather than disappearing from the queue.","new routeable source evidence, a product/metal gap, or an explicit reason existing sources are not fit evidence","Route only if product scope, species, basis, and statistic type are explicit enough for reproducible adjudication.","no accessible source; product definition conflict; governance decision needed for row inclusion",true,true,npm run evidence:show-results -- --product flavored-waters,"Add or route fit-source product evidence before any HMTc p90 decision. Search local/raw evidence first, then source discovery, and route fit-source values to this product/metal row."
7,P2,find_or_route_fit_product_evidence,find-or-route-fit-source-evidence,herbal-botanical-infusions,Herbal/botanical infusions,locked_hmtc_row,draft,"Pb; Cd; Al",,BLOCKED: no structured evidence loaded,"product row fit; basis; analyte species; unit; statistic type; N; censoring/non-detect handling; Evidence Fitness; routeability; public-use boundary","data/evidence/hmtc_standards_action_queue.csv; data/evidence/hmtc_standards_gap_report.csv","Do not infer p50, p90, or p95 unless source-reported or deterministically documented; keep total arsenic separate from inorganic arsenic; keep total mercury separate from methylmercury; keep wet, dry, as-sold, prepared, and reconstituted bases separate; do not promote pending-tier evidence into public claims. Create or update the source page and routing record before public synthesis. Missing data must remain visible as a gap. Missing data must remain visible as a gap rather than disappearing from the queue.","new routeable source evidence, a product/metal gap, or an explicit reason existing sources are not fit evidence","Route only if product scope, species, basis, and statistic type are explicit enough for reproducible adjudication.","no accessible source; product definition conflict; governance decision needed for row inclusion",true,true,npm run evidence:show-results -- --product herbal-botanical-infusions,"Add or route fit-source product evidence before any HMTc p90 decision. Search local/raw evidence first, then source discovery, and route fit-source values to this product/metal row."
8,P2,find_or_route_fit_product_evidence,find-or-route-fit-source-evidence,infant-formula-powder-non-soy,"Infant formula, powder (non-soy)",locked_hmtc_row,published,Cr-VI,,BLOCKED: no structured evidence loaded,"product row fit; basis; analyte species; unit; statistic type; N; censoring/non-detect handling; Evidence Fitness; routeability; public-use boundary","data/evidence/hmtc_standards_action_queue.csv; data/evidence/hmtc_standards_gap_report.csv","Do not infer p50, p90, or p95 unless source-reported or deterministically documented; keep total arsenic separate from inorganic arsenic; keep total mercury separate from methylmercury; keep wet, dry, as-sold, prepared, and reconstituted bases separate; do not promote pending-tier evidence into public claims. Create or update the source page and routing record before public synthesis. Missing data must remain visible as a gap. Missing data must remain visible as a gap rather than disappearing from the queue.","new routeable source evidence, a product/metal gap, or an explicit reason existing sources are not fit evidence","Route only if product scope, species, basis, and statistic type are explicit enough for reproducible adjudication.","no accessible source; product definition conflict; governance decision needed for row inclusion",true,true,npm run evidence:show-results -- --product infant-formula-powder-non-soy,"Add or route fit-source product evidence before any HMTc p90 decision. Search local/raw evidence first, then source discovery, and route fit-source values to this product/metal row."
9,P2,find_or_route_fit_product_evidence,find-or-route-fit-source-evidence,infant-formula-rtf-liquid-soy-based,"Infant formula, RTF liquid (soy-based)",locked_hmtc_row,published,Ni,,BLOCKED: no structured evidence loaded,"product row fit; basis; analyte species; unit; statistic type; N; censoring/non-detect handling; Evidence Fitness; routeability; public-use boundary","data/evidence/hmtc_standards_action_queue.csv; data/evidence/hmtc_standards_gap_report.csv","Do not infer p50, p90, or p95 unless source-reported or deterministically documented; keep total arsenic separate from inorganic arsenic; keep total mercury separate from methylmercury; keep wet, dry, as-sold, prepared, and reconstituted bases separate; do not promote pending-tier evidence into public claims. Create or update the source page and routing record before public synthesis. Missing data must remain visible as a gap. Missing data must remain visible as a gap rather than disappearing from the queue.","new routeable source evidence, a product/metal gap, or an explicit reason existing sources are not fit evidence","Route only if product scope, species, basis, and statistic type are explicit enough for reproducible adjudication.","no accessible source; product definition conflict; governance decision needed for row inclusion",true,true,npm run evidence:show-results -- --product infant-formula-rtf-liquid-soy-based,"Add or route fit-source product evidence before any HMTc p90 decision. Search local/raw evidence first, then source discovery, and route fit-source values to this product/metal row."
10,P2,find_or_route_fit_product_evidence,find-or-route-fit-source-evidence,kombucha-tea-based,Kombucha (tea-based),locked_hmtc_row,draft,"Pb; Cd; Al",,BLOCKED: no structured evidence loaded,"product row fit; basis; analyte species; unit; statistic type; N; censoring/non-detect handling; Evidence Fitness; routeability; public-use boundary","data/evidence/hmtc_standards_action_queue.csv; data/evidence/hmtc_standards_gap_report.csv","Do not infer p50, p90, or p95 unless source-reported or deterministically documented; keep total arsenic separate from inorganic arsenic; keep total mercury separate from methylmercury; keep wet, dry, as-sold, prepared, and reconstituted bases separate; do not promote pending-tier evidence into public claims. Create or update the source page and routing record before public synthesis. Missing data must remain visible as a gap. Missing data must remain visible as a gap rather than disappearing from the queue.","new routeable source evidence, a product/metal gap, or an explicit reason existing sources are not fit evidence","Route only if product scope, species, basis, and statistic type are explicit enough for reproducible adjudication.","no accessible source; product definition conflict; governance decision needed for row inclusion",true,true,npm run evidence:show-results -- --product kombucha-tea-based,"Add or route fit-source product evidence before any HMTc p90 decision. Search local/raw evidence first, then source discovery, and route fit-source values to this product/metal row."
11,P2,find_or_route_fit_product_evidence,find-or-route-fit-source-evidence,matcha,Matcha,locked_hmtc_row,draft,"Pb; Cd; Al",,BLOCKED: no structured evidence loaded,"product row fit; basis; analyte species; unit; statistic type; N; censoring/non-detect handling; Evidence Fitness; routeability; public-use boundary","data/evidence/hmtc_standards_action_queue.csv; data/evidence/hmtc_standards_gap_report.csv","Do not infer p50, p90, or p95 unless source-reported or deterministically documented; keep total arsenic separate from inorganic arsenic; keep total mercury separate from methylmercury; keep wet, dry, as-sold, prepared, and reconstituted bases separate; do not promote pending-tier evidence into public claims. Create or update the source page and routing record before public synthesis. Missing data must remain visible as a gap. Missing data must remain visible as a gap rather than disappearing from the queue.","new routeable source evidence, a product/metal gap, or an explicit reason existing sources are not fit evidence","Route only if product scope, species, basis, and statistic type are explicit enough for reproducible adjudication.","no accessible source; product definition conflict; governance decision needed for row inclusion",true,true,npm run evidence:show-results -- --product matcha,"Add or route fit-source product evidence before any HMTc p90 decision. Search local/raw evidence first, then source discovery, and route fit-source values to this product/metal row."
12,P2,find_or_route_fit_product_evidence,find-or-route-fit-source-evidence,plant-milks-non-soy-non-rice,"Plant milks (almond, oat, coconut, other non-soy/non-rice)",locked_hmtc_row,,"Cd; iAs; Al",,BLOCKED: no structured evidence loaded,"product row fit; basis; analyte species; unit; statistic type; N; censoring/non-detect handling; Evidence Fitness; routeability; public-use boundary","data/evidence/hmtc_standards_action_queue.csv; data/evidence/hmtc_standards_gap_report.csv","Do not infer p50, p90, or p95 unless source-reported or deterministically documented; keep total arsenic separate from inorganic arsenic; keep total mercury separate from methylmercury; keep wet, dry, as-sold, prepared, and reconstituted bases separate; do not promote pending-tier evidence into public claims. Create or update the source page and routing record before public synthesis. Missing data must remain visible as a gap. Missing data must remain visible as a gap rather than disappearing from the queue.","new routeable source evidence, a product/metal gap, or an explicit reason existing sources are not fit evidence","Route only if product scope, species, basis, and statistic type are explicit enough for reproducible adjudication.","no accessible source; product definition conflict; governance decision needed for row inclusion",true,true,npm run evidence:show-results -- --product plant-milks-non-soy-non-rice,"Add or route fit-source product evidence before any HMTc p90 decision. Search local/raw evidence first, then source discovery, and route fit-source values to this product/metal row."
13,P2,find_or_route_fit_product_evidence,find-or-route-fit-source-evidence,plant-milks-rice-based,"Plant milks, rice-based",locked_hmtc_row,,Cd,,BLOCKED: no structured evidence loaded,"product row fit; basis; analyte species; unit; statistic type; N; censoring/non-detect handling; Evidence Fitness; routeability; public-use boundary","data/evidence/hmtc_standards_action_queue.csv; data/evidence/hmtc_standards_gap_report.csv","Do not infer p50, p90, or p95 unless source-reported or deterministically documented; keep total arsenic separate from inorganic arsenic; keep total mercury separate from methylmercury; keep wet, dry, as-sold, prepared, and reconstituted bases separate; do not promote pending-tier evidence into public claims. Create or update the source page and routing record before public synthesis. Missing data must remain visible as a gap. Missing data must remain visible as a gap rather than disappearing from the queue.","new routeable source evidence, a product/metal gap, or an explicit reason existing sources are not fit evidence","Route only if product scope, species, basis, and statistic type are explicit enough for reproducible adjudication.","no accessible source; product definition conflict; governance decision needed for row inclusion",true,true,npm run evidence:show-results -- --product plant-milks-rice-based,"Add or route fit-source product evidence before any HMTc p90 decision. Search local/raw evidence first, then source discovery, and route fit-source values to this product/metal row."
14,P2,find_or_route_fit_product_evidence,find-or-route-fit-source-evidence,soft-drinks-carbonated-beverages,Soft drinks/carbonated beverages,locked_hmtc_row,draft,"Pb; Cd",,BLOCKED: no structured evidence loaded,"product row fit; basis; analyte species; unit; statistic type; N; censoring/non-detect handling; Evidence Fitness; routeability; public-use boundary","data/evidence/hmtc_standards_action_queue.csv; data/evidence/hmtc_standards_gap_report.csv","Do not infer p50, p90, or p95 unless source-reported or deterministically documented; keep total arsenic separate from inorganic arsenic; keep total mercury separate from methylmercury; keep wet, dry, as-sold, prepared, and reconstituted bases separate; do not promote pending-tier evidence into public claims. Create or update the source page and routing record before public synthesis. Missing data must remain visible as a gap. Missing data must remain visible as a gap rather than disappearing from the queue.","new routeable source evidence, a product/metal gap, or an explicit reason existing sources are not fit evidence","Route only if product scope, species, basis, and statistic type are explicit enough for reproducible adjudication.","no accessible source; product definition conflict; governance decision needed for row inclusion",true,true,npm run evidence:show-results -- --product soft-drinks-carbonated-beverages,"Add or route fit-source product evidence before any HMTc p90 decision. Search local/raw evidence first, then source discovery, and route fit-source values to this product/metal row."
15,P2,find_or_route_fit_product_evidence,find-or-route-fit-source-evidence,sports-energy-drinks,Sports/energy drinks,locked_hmtc_row,draft,"Pb; Cd; tAs",,BLOCKED: no structured evidence loaded,"product row fit; basis; analyte species; unit; statistic type; N; censoring/non-detect handling; Evidence Fitness; routeability; public-use boundary","data/evidence/hmtc_standards_action_queue.csv; data/evidence/hmtc_standards_gap_report.csv","Do not infer p50, p90, or p95 unless source-reported or deterministically documented; keep total arsenic separate from inorganic arsenic; keep total mercury separate from methylmercury; keep wet, dry, as-sold, prepared, and reconstituted bases separate; do not promote pending-tier evidence into public claims. Create or update the source page and routing record before public synthesis. Missing data must remain visible as a gap. Missing data must remain visible as a gap rather than disappearing from the queue.","new routeable source evidence, a product/metal gap, or an explicit reason existing sources are not fit evidence","Route only if product scope, species, basis, and statistic type are explicit enough for reproducible adjudication.","no accessible source; product definition conflict; governance decision needed for row inclusion",true,true,npm run evidence:show-results -- --product sports-energy-drinks,"Add or route fit-source product evidence before any HMTc p90 decision. Search local/raw evidence first, then source discovery, and route fit-source values to this product/metal row."
16,P2,find_or_route_fit_product_evidence,find-or-route-fit-source-evidence,teething-and-snacks-non-rice,Teething & snacks (non-rice),locked_hmtc_row,published,iAs,,BLOCKED: no structured evidence loaded,"product row fit; basis; analyte species; unit; statistic type; N; censoring/non-detect handling; Evidence Fitness; routeability; public-use boundary","data/evidence/hmtc_standards_action_queue.csv; data/evidence/hmtc_standards_gap_report.csv","Do not infer p50, p90, or p95 unless source-reported or deterministically documented; keep total arsenic separate from inorganic arsenic; keep total mercury separate from methylmercury; keep wet, dry, as-sold, prepared, and reconstituted bases separate; do not promote pending-tier evidence into public claims. Create or update the source page and routing record before public synthesis. Missing data must remain visible as a gap. Missing data must remain visible as a gap rather than disappearing from the queue.","new routeable source evidence, a product/metal gap, or an explicit reason existing sources are not fit evidence","Route only if product scope, species, basis, and statistic type are explicit enough for reproducible adjudication.","no accessible source; product definition conflict; governance decision needed for row inclusion",true,true,npm run evidence:show-results -- --product teething-and-snacks-non-rice,"Add or route fit-source product evidence before any HMTc p90 decision. Search local/raw evidence first, then source discovery, and route fit-source values to this product/metal row."
17,P2,find_or_route_fit_product_evidence,find-or-route-fit-source-evidence,true-tea-camellia-sinensis,True tea (Camellia sinensis),locked_hmtc_row,draft,"Pb; Cd; Al",,BLOCKED: no structured evidence loaded,"product row fit; basis; analyte species; unit; statistic type; N; censoring/non-detect handling; Evidence Fitness; routeability; public-use boundary","data/evidence/hmtc_standards_action_queue.csv; data/evidence/hmtc_standards_gap_report.csv","Do not infer p50, p90, or p95 unless source-reported or deterministically documented; keep total arsenic separate from inorganic arsenic; keep total mercury separate from methylmercury; keep wet, dry, as-sold, prepared, and reconstituted bases separate; do not promote pending-tier evidence into public claims. Create or update the source page and routing record before public synthesis. Missing data must remain visible as a gap. Missing data must remain visible as a gap rather than disappearing from the queue.","new routeable source evidence, a product/metal gap, or an explicit reason existing sources are not fit evidence","Route only if product scope, species, basis, and statistic type are explicit enough for reproducible adjudication.","no accessible source; product definition conflict; governance decision needed for row inclusion",true,true,npm run evidence:show-results -- --product true-tea-camellia-sinensis,"Add or route fit-source product evidence before any HMTc p90 decision. Search local/raw evidence first, then source discovery, and route fit-source values to this product/metal row."
18,P2,find_or_route_fit_product_evidence,find-or-route-fit-source-evidence,vegetable-juices-non-root,"Vegetable juices, non-root",locked_hmtc_row,draft,"Pb; Cd",,BLOCKED: no structured evidence loaded,"product row fit; basis; analyte species; unit; statistic type; N; censoring/non-detect handling; Evidence Fitness; routeability; public-use boundary","data/evidence/hmtc_standards_action_queue.csv; data/evidence/hmtc_standards_gap_report.csv","Do not infer p50, p90, or p95 unless source-reported or deterministically documented; keep total arsenic separate from inorganic arsenic; keep total mercury separate from methylmercury; keep wet, dry, as-sold, prepared, and reconstituted bases separate; do not promote pending-tier evidence into public claims. Create or update the source page and routing record before public synthesis. Missing data must remain visible as a gap. Missing data must remain visible as a gap rather than disappearing from the queue.","new routeable source evidence, a product/metal gap, or an explicit reason existing sources are not fit evidence","Route only if product scope, species, basis, and statistic type are explicit enough for reproducible adjudication.","no accessible source; product definition conflict; governance decision needed for row inclusion",true,true,npm run evidence:show-results -- --product vegetable-juices-non-root,"Add or route fit-source product evidence before any HMTc p90 decision. Search local/raw evidence first, then source discovery, and route fit-source values to this product/metal row."
19,P2,find_or_route_fit_product_evidence,find-or-route-fit-source-evidence,vegetable-juices-root-vegetable-containing,"Vegetable juices, root-vegetable-containing",locked_hmtc_row,draft,"Pb; Cd",,BLOCKED: no structured evidence loaded,"product row fit; basis; analyte species; unit; statistic type; N; censoring/non-detect handling; Evidence Fitness; routeability; public-use boundary","data/evidence/hmtc_standards_action_queue.csv; data/evidence/hmtc_standards_gap_report.csv","Do not infer p50, p90, or p95 unless source-reported or deterministically documented; keep total arsenic separate from inorganic arsenic; keep total mercury separate from methylmercury; keep wet, dry, as-sold, prepared, and reconstituted bases separate; do not promote pending-tier evidence into public claims. Create or update the source page and routing record before public synthesis. Missing data must remain visible as a gap. Missing data must remain visible as a gap rather than disappearing from the queue.","new routeable source evidence, a product/metal gap, or an explicit reason existing sources are not fit evidence","Route only if product scope, species, basis, and statistic type are explicit enough for reproducible adjudication.","no accessible source; product definition conflict; governance decision needed for row inclusion",true,true,npm run evidence:show-results -- --product vegetable-juices-root-vegetable-containing,"Add or route fit-source product evidence before any HMTc p90 decision. Search local/raw evidence first, then source discovery, and route fit-source values to this product/metal row."
20,P2,find_replacement_fit_source_after_context_disposition,find-fit-source-after-context-only-review,plant-milks-non-soy-non-rice,"Plant milks (almond, oat, coconut, other non-soy/non-rice)",locked_hmtc_row,,Ni,marques2021-trace-elements-milks-plant-based-drinks,BLOCKED: documented local sources are context-only,"why existing context source is not fit evidence; exact evidence needed; replacement source routeability; public-use boundary","data/evidence/hmtc_standards_action_queue.csv; data/evidence/hmtc_standards_gap_report.csv; wiki/sources/marques2021-trace-elements-milks-plant-based-drinks.md; data/evidence/local_reingest_context_dispositions.csv","Do not infer p50, p90, or p95 unless source-reported or deterministically documented; keep total arsenic separate from inorganic arsenic; keep total mercury separate from methylmercury; keep wet, dry, as-sold, prepared, and reconstituted bases separate; do not promote pending-tier evidence into public claims. Do not reuse documented context-only rows as standards evidence unless a new table review changes the disposition. Context-only rows cannot be recycled into standards evidence without a new adjudication trace.",replacement fit-source evidence or a documented closed gap retaining context-only source trace,Do not reopen context-only evidence unless a new table-level reading changes the row-fit decision with >=0.90 confidence.,"context source appears policy-critical; conflicting route decisions across product pages",true,true,npm run evidence:show-results -- --product plant-milks-non-soy-non-rice,"Find or route fit-source product evidence; local source routes for this row were read and documented as context-only or not routeable. Use the context disposition as a closed route, then find a better fit-source product occurrence dataset or paper. See data/evidence/local_reingest_context_dispositions.csv."
21,P2,find_replacement_fit_source_after_context_disposition,find-fit-source-after-context-only-review,plant-milks-rice-based,"Plant milks, rice-based",locked_hmtc_row,,Pb,marques2021-trace-elements-milks-plant-based-drinks,BLOCKED: documented local sources are context-only,"why existing context source is not fit evidence; exact evidence needed; replacement source routeability; public-use boundary","data/evidence/hmtc_standards_action_queue.csv; data/evidence/hmtc_standards_gap_report.csv; wiki/sources/marques2021-trace-elements-milks-plant-based-drinks.md; data/evidence/local_reingest_context_dispositions.csv","Do not infer p50, p90, or p95 unless source-reported or deterministically documented; keep total arsenic separate from inorganic arsenic; keep total mercury separate from methylmercury; keep wet, dry, as-sold, prepared, and reconstituted bases separate; do not promote pending-tier evidence into public claims. Do not reuse documented context-only rows as standards evidence unless a new table review changes the disposition. Context-only rows cannot be recycled into standards evidence without a new adjudication trace.",replacement fit-source evidence or a documented closed gap retaining context-only source trace,Do not reopen context-only evidence unless a new table-level reading changes the row-fit decision with >=0.90 confidence.,"context source appears policy-critical; conflicting route decisions across product pages",true,true,npm run evidence:show-results -- --product plant-milks-rice-based,"Find or route fit-source product evidence; local source routes for this row were read and documented as context-only or not routeable. Use the context disposition as a closed route, then find a better fit-source product occurrence dataset or paper. See data/evidence/local_reingest_context_dispositions.csv."
22,P2,find_replacement_fit_source_after_context_disposition,find-fit-source-after-context-only-review,teething-and-snacks-non-rice,Teething & snacks (non-rice),locked_hmtc_row,published,"Pb; Cd",collado-lopez2025-heavy-metals-baby-food-formula,BLOCKED: documented local sources are context-only,"why existing context source is not fit evidence; exact evidence needed; replacement source routeability; public-use boundary","data/evidence/hmtc_standards_action_queue.csv; data/evidence/hmtc_standards_gap_report.csv; wiki/sources/collado-lopez2025-heavy-metals-baby-food-formula.md; data/evidence/local_reingest_context_dispositions.csv","Do not infer p50, p90, or p95 unless source-reported or deterministically documented; keep total arsenic separate from inorganic arsenic; keep total mercury separate from methylmercury; keep wet, dry, as-sold, prepared, and reconstituted bases separate; do not promote pending-tier evidence into public claims. Do not reuse documented context-only rows as standards evidence unless a new table review changes the disposition. Context-only rows cannot be recycled into standards evidence without a new adjudication trace.",replacement fit-source evidence or a documented closed gap retaining context-only source trace,Do not reopen context-only evidence unless a new table-level reading changes the row-fit decision with >=0.90 confidence.,"context source appears policy-critical; conflicting route decisions across product pages",true,true,npm run evidence:show-results -- --product teething-and-snacks-non-rice,"Find or route fit-source product evidence; local source routes for this row were read and documented as context-only or not routeable. Use the context disposition as a closed route, then find a better fit-source product occurrence dataset or paper. See data/evidence/local_reingest_context_dispositions.csv."
23,P2,find_second_fit_distribution_source,find-second-distribution-capable-source,baby-cereals-dry-non-rice,"Baby cereals / grain products, dry (non-rice)",locked_hmtc_row,published,"Pb; Cd; tAs; tHg",,DO NOT PUBLISH P90: single distribution-capable source,"source independence; product row fit; basis comparability; species match; distribution capability; aggregation readiness","data/evidence/hmtc_standards_action_queue.csv; data/evidence/hmtc_standards_gap_report.csv; data/evidence/local_reingest_context_dispositions.csv","Do not infer p50, p90, or p95 unless source-reported or deterministically documented; keep total arsenic separate from inorganic arsenic; keep total mercury separate from methylmercury; keep wet, dry, as-sold, prepared, and reconstituted bases separate; do not promote pending-tier evidence into public claims. A single distribution-capable source can remain loaded evidence, but it is not the aggregate HMTc p90. A single distribution-capable source is loaded evidence, not the aggregate HMTc p90.",additional distribution-capable evidence or a single-source blocker retained in the standards gap report,Advance aggregate math only after at least two fit distribution-capable sources are available or governance explicitly approves an exception.,"single source is proposed as sufficient; source independence or comparability is contested",true,true,npm run evidence:show-results -- --product baby-cereals-dry-non-rice,"Aggregate HMTc p90 needs multiple fit sources, not one source-reported or reconstructed distribution. Find or route at least one additional fit distribution-capable source before aggregate HMTc p90 publication. A single source can remain loaded evidence, but it is not the HMTc aggregate."
24,P2,find_second_fit_distribution_source,find-second-distribution-capable-source,baby-cereals-dry-rice-based,"Baby cereals / grain products, dry (rice-based)",locked_hmtc_row,published,"Pb; Cd; tAs; tHg",,DO NOT PUBLISH P90: single distribution-capable source,"source independence; product row fit; basis comparability; species match; distribution capability; aggregation readiness","data/evidence/hmtc_standards_action_queue.csv; data/evidence/hmtc_standards_gap_report.csv; data/evidence/local_reingest_context_dispositions.csv","Do not infer p50, p90, or p95 unless source-reported or deterministically documented; keep total arsenic separate from inorganic arsenic; keep total mercury separate from methylmercury; keep wet, dry, as-sold, prepared, and reconstituted bases separate; do not promote pending-tier evidence into public claims. A single distribution-capable source can remain loaded evidence, but it is not the aggregate HMTc p90. A single distribution-capable source is loaded evidence, not the aggregate HMTc p90.",additional distribution-capable evidence or a single-source blocker retained in the standards gap report,Advance aggregate math only after at least two fit distribution-capable sources are available or governance explicitly approves an exception.,"single source is proposed as sufficient; source independence or comparability is contested",true,true,npm run evidence:show-results -- --product baby-cereals-dry-rice-based,"Aggregate HMTc p90 needs multiple fit sources, not one source-reported or reconstructed distribution. Find or route at least one additional fit distribution-capable source before aggregate HMTc p90 publication. A single source can remain loaded evidence, but it is not the HMTc aggregate."
25,P2,find_second_fit_distribution_source,find-second-distribution-capable-source,fruit-juice-not-canned,Fruit juice (not canned),locked_hmtc_row,published,"Pb; Cd; tAs; Ni",,DO NOT PUBLISH P90: single distribution-capable source,"source independence; product row fit; basis comparability; species match; distribution capability; aggregation readiness","data/evidence/hmtc_standards_action_queue.csv; data/evidence/hmtc_standards_gap_report.csv; data/evidence/local_reingest_context_dispositions.csv; data/evidence/fda_tds_product_route_candidates.csv","Do not infer p50, p90, or p95 unless source-reported or deterministically documented; keep total arsenic separate from inorganic arsenic; keep total mercury separate from methylmercury; keep wet, dry, as-sold, prepared, and reconstituted bases separate; do not promote pending-tier evidence into public claims. A single distribution-capable source can remain loaded evidence, but it is not the aggregate HMTc p90. A single distribution-capable source is loaded evidence, not the aggregate HMTc p90.",additional distribution-capable evidence or a single-source blocker retained in the standards gap report,Advance aggregate math only after at least two fit distribution-capable sources are available or governance explicitly approves an exception.,"single source is proposed as sufficient; source independence or comparability is contested",true,true,npm run evidence:show-results -- --product fruit-juice-not-canned,"Aggregate HMTc p90 needs multiple fit sources, not one source-reported or reconstructed distribution. Find or route at least one additional fit distribution-capable source before aggregate HMTc p90 publication. A single source can remain loaded evidence, but it is not the HMTc aggregate."
26,P2,find_second_fit_distribution_source,find-second-distribution-capable-source,fruit-juices-apple-containing,"Fruit juices, apple-containing",locked_hmtc_row,draft,"Pb; iAs; tAs",,DO NOT PUBLISH P90: single distribution-capable source,"source independence; product row fit; basis comparability; species match; distribution capability; aggregation readiness","data/evidence/hmtc_standards_action_queue.csv; data/evidence/hmtc_standards_gap_report.csv; data/evidence/fda_tds_product_route_candidates.csv","Do not infer p50, p90, or p95 unless source-reported or deterministically documented; keep total arsenic separate from inorganic arsenic; keep total mercury separate from methylmercury; keep wet, dry, as-sold, prepared, and reconstituted bases separate; do not promote pending-tier evidence into public claims. A single distribution-capable source can remain loaded evidence, but it is not the aggregate HMTc p90. A single distribution-capable source is loaded evidence, not the aggregate HMTc p90.",additional distribution-capable evidence or a single-source blocker retained in the standards gap report,Advance aggregate math only after at least two fit distribution-capable sources are available or governance explicitly approves an exception.,"single source is proposed as sufficient; source independence or comparability is contested",true,true,npm run evidence:show-results -- --product fruit-juices-apple-containing,"Aggregate HMTc p90 needs multiple fit sources, not one source-reported or reconstructed distribution. Find or route at least one additional fit distribution-capable source before aggregate HMTc p90 publication. A single source can remain loaded evidence, but it is not the HMTc aggregate."
27,P2,find_second_fit_distribution_source,find-second-distribution-capable-source,fruit-juices-non-apple,"Fruit juices, non-apple",locked_hmtc_row,draft,"Pb; iAs; tAs",,DO NOT PUBLISH P90: single distribution-capable source,"source independence; product row fit; basis comparability; species match; distribution capability; aggregation readiness","data/evidence/hmtc_standards_action_queue.csv; data/evidence/hmtc_standards_gap_report.csv; data/evidence/fda_tds_product_route_candidates.csv","Do not infer p50, p90, or p95 unless source-reported or deterministically documented; keep total arsenic separate from inorganic arsenic; keep total mercury separate from methylmercury; keep wet, dry, as-sold, prepared, and reconstituted bases separate; do not promote pending-tier evidence into public claims. A single distribution-capable source can remain loaded evidence, but it is not the aggregate HMTc p90. A single distribution-capable source is loaded evidence, not the aggregate HMTc p90.",additional distribution-capable evidence or a single-source blocker retained in the standards gap report,Advance aggregate math only after at least two fit distribution-capable sources are available or governance explicitly approves an exception.,"single source is proposed as sufficient; source independence or comparability is contested",true,true,npm run evidence:show-results -- --product fruit-juices-non-apple,"Aggregate HMTc p90 needs multiple fit sources, not one source-reported or reconstructed distribution. Find or route at least one additional fit distribution-capable source before aggregate HMTc p90 publication. A single source can remain loaded evidence, but it is not the HMTc aggregate."
28,P2,find_second_fit_distribution_source,find-second-distribution-capable-source,fruit-purees,Fruit purees (general),locked_hmtc_row,published,"Pb; Cd; tAs; tHg",,DO NOT PUBLISH P90: single distribution-capable source,"source independence; product row fit; basis comparability; species match; distribution capability; aggregation readiness","data/evidence/hmtc_standards_action_queue.csv; data/evidence/hmtc_standards_gap_report.csv; data/evidence/local_reingest_context_dispositions.csv","Do not infer p50, p90, or p95 unless source-reported or deterministically documented; keep total arsenic separate from inorganic arsenic; keep total mercury separate from methylmercury; keep wet, dry, as-sold, prepared, and reconstituted bases separate; do not promote pending-tier evidence into public claims. A single distribution-capable source can remain loaded evidence, but it is not the aggregate HMTc p90. A single distribution-capable source is loaded evidence, not the aggregate HMTc p90.",additional distribution-capable evidence or a single-source blocker retained in the standards gap report,Advance aggregate math only after at least two fit distribution-capable sources are available or governance explicitly approves an exception.,"single source is proposed as sufficient; source independence or comparability is contested",true,true,npm run evidence:show-results -- --product fruit-purees,"Aggregate HMTc p90 needs multiple fit sources, not one source-reported or reconstructed distribution. Find or route at least one additional fit distribution-capable source before aggregate HMTc p90 publication. A single source can remain loaded evidence, but it is not the HMTc aggregate."
29,P2,find_second_fit_distribution_source,find-second-distribution-capable-source,infant-formula-powder-non-soy,"Infant formula, powder (non-soy)",locked_hmtc_row,published,"Pb; Cd; tAs; tHg",,DO NOT PUBLISH P90: single distribution-capable source,"source independence; product row fit; basis comparability; species match; distribution capability; aggregation readiness","data/evidence/hmtc_standards_action_queue.csv; data/evidence/hmtc_standards_gap_report.csv","Do not infer p50, p90, or p95 unless source-reported or deterministically documented; keep total arsenic separate from inorganic arsenic; keep total mercury separate from methylmercury; keep wet, dry, as-sold, prepared, and reconstituted bases separate; do not promote pending-tier evidence into public claims. A single distribution-capable source can remain loaded evidence, but it is not the aggregate HMTc p90. A single distribution-capable source is loaded evidence, not the aggregate HMTc p90.",additional distribution-capable evidence or a single-source blocker retained in the standards gap report,Advance aggregate math only after at least two fit distribution-capable sources are available or governance explicitly approves an exception.,"single source is proposed as sufficient; source independence or comparability is contested",true,true,npm run evidence:show-results -- --product infant-formula-powder-non-soy,"Aggregate HMTc p90 needs multiple fit sources, not one source-reported or reconstructed distribution. Find or route at least one additional fit distribution-capable source before aggregate HMTc p90 publication. A single source can remain loaded evidence, but it is not the HMTc aggregate."
30,P2,find_second_fit_distribution_source,find-second-distribution-capable-source,infant-formula-powder-soy-based,"Infant formula, powder (soy-based)",locked_hmtc_row,published,"Pb; Cd; tAs; tHg",,DO NOT PUBLISH P90: single distribution-capable source,"source independence; product row fit; basis comparability; species match; distribution capability; aggregation readiness","data/evidence/hmtc_standards_action_queue.csv; data/evidence/hmtc_standards_gap_report.csv","Do not infer p50, p90, or p95 unless source-reported or deterministically documented; keep total arsenic separate from inorganic arsenic; keep total mercury separate from methylmercury; keep wet, dry, as-sold, prepared, and reconstituted bases separate; do not promote pending-tier evidence into public claims. A single distribution-capable source can remain loaded evidence, but it is not the aggregate HMTc p90. A single distribution-capable source is loaded evidence, not the aggregate HMTc p90.",additional distribution-capable evidence or a single-source blocker retained in the standards gap report,Advance aggregate math only after at least two fit distribution-capable sources are available or governance explicitly approves an exception.,"single source is proposed as sufficient; source independence or comparability is contested",true,true,npm run evidence:show-results -- --product infant-formula-powder-soy-based,"Aggregate HMTc p90 needs multiple fit sources, not one source-reported or reconstructed distribution. Find or route at least one additional fit distribution-capable source before aggregate HMTc p90 publication. A single source can remain loaded evidence, but it is not the HMTc aggregate."
31,P2,find_second_fit_distribution_source,find-second-distribution-capable-source,infant-formula-rtf-liquid-non-soy,"Infant formula, RTF liquid (non-soy)",locked_hmtc_row,published,"Pb; Cd; tAs; tHg",,DO NOT PUBLISH P90: single distribution-capable source,"source independence; product row fit; basis comparability; species match; distribution capability; aggregation readiness","data/evidence/hmtc_standards_action_queue.csv; data/evidence/hmtc_standards_gap_report.csv","Do not infer p50, p90, or p95 unless source-reported or deterministically documented; keep total arsenic separate from inorganic arsenic; keep total mercury separate from methylmercury; keep wet, dry, as-sold, prepared, and reconstituted bases separate; do not promote pending-tier evidence into public claims. A single distribution-capable source can remain loaded evidence, but it is not the aggregate HMTc p90. A single distribution-capable source is loaded evidence, not the aggregate HMTc p90.",additional distribution-capable evidence or a single-source blocker retained in the standards gap report,Advance aggregate math only after at least two fit distribution-capable sources are available or governance explicitly approves an exception.,"single source is proposed as sufficient; source independence or comparability is contested",true,true,npm run evidence:show-results -- --product infant-formula-rtf-liquid-non-soy,"Aggregate HMTc p90 needs multiple fit sources, not one source-reported or reconstructed distribution. Find or route at least one additional fit distribution-capable source before aggregate HMTc p90 publication. A single source can remain loaded evidence, but it is not the HMTc aggregate."
32,P2,find_second_fit_distribution_source,find-second-distribution-capable-source,infant-formula-rtf-liquid-soy-based,"Infant formula, RTF liquid (soy-based)",locked_hmtc_row,published,"Pb; Cd; tAs; tHg",,DO NOT PUBLISH P90: single distribution-capable source,"source independence; product row fit; basis comparability; species match; distribution capability; aggregation readiness","data/evidence/hmtc_standards_action_queue.csv; data/evidence/hmtc_standards_gap_report.csv","Do not infer p50, p90, or p95 unless source-reported or deterministically documented; keep total arsenic separate from inorganic arsenic; keep total mercury separate from methylmercury; keep wet, dry, as-sold, prepared, and reconstituted bases separate; do not promote pending-tier evidence into public claims. A single distribution-capable source can remain loaded evidence, but it is not the aggregate HMTc p90. A single distribution-capable source is loaded evidence, not the aggregate HMTc p90.",additional distribution-capable evidence or a single-source blocker retained in the standards gap report,Advance aggregate math only after at least two fit distribution-capable sources are available or governance explicitly approves an exception.,"single source is proposed as sufficient; source independence or comparability is contested",true,true,npm run evidence:show-results -- --product infant-formula-rtf-liquid-soy-based,"Aggregate HMTc p90 needs multiple fit sources, not one source-reported or reconstructed distribution. Find or route at least one additional fit distribution-capable source before aggregate HMTc p90 publication. A single source can remain loaded evidence, but it is not the HMTc aggregate."
33,P2,find_second_fit_distribution_source,find-second-distribution-capable-source,mixed-meals-non-rice,"Mixed meals, non-rice",locked_hmtc_row,published,"Pb; Cd; tAs; tHg",,DO NOT PUBLISH P90: single distribution-capable source,"source independence; product row fit; basis comparability; species match; distribution capability; aggregation readiness","data/evidence/hmtc_standards_action_queue.csv; data/evidence/hmtc_standards_gap_report.csv; data/evidence/local_reingest_context_dispositions.csv","Do not infer p50, p90, or p95 unless source-reported or deterministically documented; keep total arsenic separate from inorganic arsenic; keep total mercury separate from methylmercury; keep wet, dry, as-sold, prepared, and reconstituted bases separate; do not promote pending-tier evidence into public claims. A single distribution-capable source can remain loaded evidence, but it is not the aggregate HMTc p90. A single distribution-capable source is loaded evidence, not the aggregate HMTc p90.",additional distribution-capable evidence or a single-source blocker retained in the standards gap report,Advance aggregate math only after at least two fit distribution-capable sources are available or governance explicitly approves an exception.,"single source is proposed as sufficient; source independence or comparability is contested",true,true,npm run evidence:show-results -- --product mixed-meals-non-rice,"Aggregate HMTc p90 needs multiple fit sources, not one source-reported or reconstructed distribution. Find or route at least one additional fit distribution-capable source before aggregate HMTc p90 publication. A single source can remain loaded evidence, but it is not the HMTc aggregate."
34,P2,find_second_fit_distribution_source,find-second-distribution-capable-source,mixed-meals-rice-containing,"Mixed meals, rice-containing",locked_hmtc_row,published,"Pb; Cd; tAs; tHg",,DO NOT PUBLISH P90: single distribution-capable source,"source independence; product row fit; basis comparability; species match; distribution capability; aggregation readiness","data/evidence/hmtc_standards_action_queue.csv; data/evidence/hmtc_standards_gap_report.csv; data/evidence/local_reingest_context_dispositions.csv","Do not infer p50, p90, or p95 unless source-reported or deterministically documented; keep total arsenic separate from inorganic arsenic; keep total mercury separate from methylmercury; keep wet, dry, as-sold, prepared, and reconstituted bases separate; do not promote pending-tier evidence into public claims. A single distribution-capable source can remain loaded evidence, but it is not the aggregate HMTc p90. A single distribution-capable source is loaded evidence, not the aggregate HMTc p90.",additional distribution-capable evidence or a single-source blocker retained in the standards gap report,Advance aggregate math only after at least two fit distribution-capable sources are available or governance explicitly approves an exception.,"single source is proposed as sufficient; source independence or comparability is contested",true,true,npm run evidence:show-results -- --product mixed-meals-rice-containing,"Aggregate HMTc p90 needs multiple fit sources, not one source-reported or reconstructed distribution. Find or route at least one additional fit distribution-capable source before aggregate HMTc p90 publication. A single source can remain loaded evidence, but it is not the HMTc aggregate."
35,P2,find_second_fit_distribution_source,find-second-distribution-capable-source,non-root-vegetable-purees,Non-root vegetable purees,locked_hmtc_row,published,"Pb; Cd; tAs; tHg",,DO NOT PUBLISH P90: single distribution-capable source,"source independence; product row fit; basis comparability; species match; distribution capability; aggregation readiness","data/evidence/hmtc_standards_action_queue.csv; data/evidence/hmtc_standards_gap_report.csv; data/evidence/local_reingest_context_dispositions.csv","Do not infer p50, p90, or p95 unless source-reported or deterministically documented; keep total arsenic separate from inorganic arsenic; keep total mercury separate from methylmercury; keep wet, dry, as-sold, prepared, and reconstituted bases separate; do not promote pending-tier evidence into public claims. A single distribution-capable source can remain loaded evidence, but it is not the aggregate HMTc p90. A single distribution-capable source is loaded evidence, not the aggregate HMTc p90.",additional distribution-capable evidence or a single-source blocker retained in the standards gap report,Advance aggregate math only after at least two fit distribution-capable sources are available or governance explicitly approves an exception.,"single source is proposed as sufficient; source independence or comparability is contested",true,true,npm run evidence:show-results -- --product non-root-vegetable-purees,"Aggregate HMTc p90 needs multiple fit sources, not one source-reported or reconstructed distribution. Find or route at least one additional fit distribution-capable source before aggregate HMTc p90 publication. A single source can remain loaded evidence, but it is not the HMTc aggregate."
36,P2,find_second_fit_distribution_source,find-second-distribution-capable-source,root-vegetable-purees,Root-vegetable purees,locked_hmtc_row,published,"Pb; Cd; tAs; tHg",,DO NOT PUBLISH P90: single distribution-capable source,"source independence; product row fit; basis comparability; species match; distribution capability; aggregation readiness","data/evidence/hmtc_standards_action_queue.csv; data/evidence/hmtc_standards_gap_report.csv; data/evidence/local_reingest_context_dispositions.csv","Do not infer p50, p90, or p95 unless source-reported or deterministically documented; keep total arsenic separate from inorganic arsenic; keep total mercury separate from methylmercury; keep wet, dry, as-sold, prepared, and reconstituted bases separate; do not promote pending-tier evidence into public claims. A single distribution-capable source can remain loaded evidence, but it is not the aggregate HMTc p90. A single distribution-capable source is loaded evidence, not the aggregate HMTc p90.",additional distribution-capable evidence or a single-source blocker retained in the standards gap report,Advance aggregate math only after at least two fit distribution-capable sources are available or governance explicitly approves an exception.,"single source is proposed as sufficient; source independence or comparability is contested",true,true,npm run evidence:show-results -- --product root-vegetable-purees,"Aggregate HMTc p90 needs multiple fit sources, not one source-reported or reconstructed distribution. Find or route at least one additional fit distribution-capable source before aggregate HMTc p90 publication. A single source can remain loaded evidence, but it is not the HMTc aggregate."
37,P2,find_second_fit_distribution_source,find-second-distribution-capable-source,teething-and-snacks-rice-based,Teething & snacks (rice-based),locked_hmtc_row,published,"Pb; Cd; tAs",,DO NOT PUBLISH P90: single distribution-capable source,"source independence; product row fit; basis comparability; species match; distribution capability; aggregation readiness","data/evidence/hmtc_standards_action_queue.csv; data/evidence/hmtc_standards_gap_report.csv; data/evidence/local_reingest_context_dispositions.csv","Do not infer p50, p90, or p95 unless source-reported or deterministically documented; keep total arsenic separate from inorganic arsenic; keep total mercury separate from methylmercury; keep wet, dry, as-sold, prepared, and reconstituted bases separate; do not promote pending-tier evidence into public claims. A single distribution-capable source can remain loaded evidence, but it is not the aggregate HMTc p90. A single distribution-capable source is loaded evidence, not the aggregate HMTc p90.",additional distribution-capable evidence or a single-source blocker retained in the standards gap report,Advance aggregate math only after at least two fit distribution-capable sources are available or governance explicitly approves an exception.,"single source is proposed as sufficient; source independence or comparability is contested",true,true,npm run evidence:show-results -- --product teething-and-snacks-rice-based,"Aggregate HMTc p90 needs multiple fit sources, not one source-reported or reconstructed distribution. Find or route at least one additional fit distribution-capable source before aggregate HMTc p90 publication. A single source can remain loaded evidence, but it is not the HMTc aggregate."
38,P2,locate_sample_level_or_reported_percentile_data,find-sample-level-or-percentile-evidence,baby-cereals-dry-non-rice,"Baby cereals / grain products, dry (non-rice)",locked_hmtc_row,published,"iAs; Ni",,BLOCKED: summary evidence only,"whether source provides sample-level values, source-reported percentiles, or only summary/range evidence; basis; species; censoring","data/evidence/hmtc_standards_action_queue.csv; data/evidence/hmtc_standards_gap_report.csv; data/evidence/local_reingest_context_dispositions.csv","Do not infer p50, p90, or p95 unless source-reported or deterministically documented; keep total arsenic separate from inorganic arsenic; keep total mercury separate from methylmercury; keep wet, dry, as-sold, prepared, and reconstituted bases separate; do not promote pending-tier evidence into public claims. Do not infer p50, p90, or p95 from means, ranges, IQRs, or max values unless a deterministic method is documented. Means, medians, ranges, and maxima do not create p90 or p95 values by themselves.","distribution-capable rows, documented percentile extraction, or summary-only disposition",Mark distribution-capable only when sample values or explicitly reported percentiles are present and traceable.,"only summary values available but threshold pressure is high; deterministic percentile method proposed",true,true,npm run evidence:show-results -- --product baby-cereals-dry-non-rice,"Loaded rows support N/mean/median/max context, but aggregate p90 needs sample-level values or explicitly reported percentiles from fit sources. Find sample-level data or explicitly reported percentiles; retain mean/median/max rows as context until then. Do not invent p50/p90/p95 from ranges or means."
39,P2,locate_sample_level_or_reported_percentile_data,find-sample-level-or-percentile-evidence,baby-cereals-dry-rice-based,"Baby cereals / grain products, dry (rice-based)",locked_hmtc_row,published,"iAs; Ni",,BLOCKED: summary evidence only,"whether source provides sample-level values, source-reported percentiles, or only summary/range evidence; basis; species; censoring","data/evidence/hmtc_standards_action_queue.csv; data/evidence/hmtc_standards_gap_report.csv; data/evidence/local_reingest_context_dispositions.csv","Do not infer p50, p90, or p95 unless source-reported or deterministically documented; keep total arsenic separate from inorganic arsenic; keep total mercury separate from methylmercury; keep wet, dry, as-sold, prepared, and reconstituted bases separate; do not promote pending-tier evidence into public claims. Do not infer p50, p90, or p95 from means, ranges, IQRs, or max values unless a deterministic method is documented. Means, medians, ranges, and maxima do not create p90 or p95 values by themselves.","distribution-capable rows, documented percentile extraction, or summary-only disposition",Mark distribution-capable only when sample values or explicitly reported percentiles are present and traceable.,"only summary values available but threshold pressure is high; deterministic percentile method proposed",true,true,npm run evidence:show-results -- --product baby-cereals-dry-rice-based,"Loaded rows support N/mean/median/max context, but aggregate p90 needs sample-level values or explicitly reported percentiles from fit sources. Find sample-level data or explicitly reported percentiles; retain mean/median/max rows as context until then. Do not invent p50/p90/p95 from ranges or means."
40,P2,locate_sample_level_or_reported_percentile_data,find-sample-level-or-percentile-evidence,fish-containing-baby-foods,Fish-containing baby foods,locked_hmtc_row,published,"Pb; Cd; tAs; tHg; Al; Ni; Sn",,BLOCKED: summary evidence only,"whether source provides sample-level values, source-reported percentiles, or only summary/range evidence; basis; species; censoring","data/evidence/hmtc_standards_action_queue.csv; data/evidence/hmtc_standards_gap_report.csv; data/evidence/local_reingest_context_dispositions.csv","Do not infer p50, p90, or p95 unless source-reported or deterministically documented; keep total arsenic separate from inorganic arsenic; keep total mercury separate from methylmercury; keep wet, dry, as-sold, prepared, and reconstituted bases separate; do not promote pending-tier evidence into public claims. Do not infer p50, p90, or p95 from means, ranges, IQRs, or max values unless a deterministic method is documented. Means, medians, ranges, and maxima do not create p90 or p95 values by themselves.","distribution-capable rows, documented percentile extraction, or summary-only disposition",Mark distribution-capable only when sample values or explicitly reported percentiles are present and traceable.,"only summary values available but threshold pressure is high; deterministic percentile method proposed",true,true,npm run evidence:show-results -- --product fish-containing-baby-foods,"Loaded rows support N/mean/median/max context, but aggregate p90 needs sample-level values or explicitly reported percentiles from fit sources. Find sample-level data or explicitly reported percentiles; retain mean/median/max rows as context until then. Do not invent p50/p90/p95 from ranges or means."
41,P2,locate_sample_level_or_reported_percentile_data,find-sample-level-or-percentile-evidence,fruit-juice-not-canned,Fruit juice (not canned),locked_hmtc_row,published,"Al; Sn; Co; Cr-total; Sb; V",,BLOCKED: summary evidence only,"whether source provides sample-level values, source-reported percentiles, or only summary/range evidence; basis; species; censoring","data/evidence/hmtc_standards_action_queue.csv; data/evidence/hmtc_standards_gap_report.csv","Do not infer p50, p90, or p95 unless source-reported or deterministically documented; keep total arsenic separate from inorganic arsenic; keep total mercury separate from methylmercury; keep wet, dry, as-sold, prepared, and reconstituted bases separate; do not promote pending-tier evidence into public claims. Do not infer p50, p90, or p95 from means, ranges, IQRs, or max values unless a deterministic method is documented. Means, medians, ranges, and maxima do not create p90 or p95 values by themselves.","distribution-capable rows, documented percentile extraction, or summary-only disposition",Mark distribution-capable only when sample values or explicitly reported percentiles are present and traceable.,"only summary values available but threshold pressure is high; deterministic percentile method proposed",true,true,npm run evidence:show-results -- --product fruit-juice-not-canned,"Loaded rows support N/mean/median/max context, but aggregate p90 needs sample-level values or explicitly reported percentiles from fit sources. Find sample-level data or explicitly reported percentiles; retain mean/median/max rows as context until then. Do not invent p50/p90/p95 from ranges or means."
42,P2,locate_sample_level_or_reported_percentile_data,find-sample-level-or-percentile-evidence,fruit-purees,Fruit purees (general),locked_hmtc_row,published,"iAs; Al; Ni; Sn; Co; Cr-total; Cu; Fe; I; Mn; Sb; Se; V; Zn",,BLOCKED: summary evidence only,"whether source provides sample-level values, source-reported percentiles, or only summary/range evidence; basis; species; censoring","data/evidence/hmtc_standards_action_queue.csv; data/evidence/hmtc_standards_gap_report.csv; data/evidence/local_reingest_context_dispositions.csv","Do not infer p50, p90, or p95 unless source-reported or deterministically documented; keep total arsenic separate from inorganic arsenic; keep total mercury separate from methylmercury; keep wet, dry, as-sold, prepared, and reconstituted bases separate; do not promote pending-tier evidence into public claims. Do not infer p50, p90, or p95 from means, ranges, IQRs, or max values unless a deterministic method is documented. Means, medians, ranges, and maxima do not create p90 or p95 values by themselves.","distribution-capable rows, documented percentile extraction, or summary-only disposition",Mark distribution-capable only when sample values or explicitly reported percentiles are present and traceable.,"only summary values available but threshold pressure is high; deterministic percentile method proposed",true,true,npm run evidence:show-results -- --product fruit-purees,"Loaded rows support N/mean/median/max context, but aggregate p90 needs sample-level values or explicitly reported percentiles from fit sources. Find sample-level data or explicitly reported percentiles; retain mean/median/max rows as context until then. Do not invent p50/p90/p95 from ranges or means."
43,P2,locate_sample_level_or_reported_percentile_data,find-sample-level-or-percentile-evidence,infant-formula-powder-non-soy,"Infant formula, powder (non-soy)",locked_hmtc_row,published,"iAs; Al; Ni; Sn; Ca; Cr-total; Cu; Fe; I; Mn; Se; U; Zn",,BLOCKED: summary evidence only,"whether source provides sample-level values, source-reported percentiles, or only summary/range evidence; basis; species; censoring","data/evidence/hmtc_standards_action_queue.csv; data/evidence/hmtc_standards_gap_report.csv","Do not infer p50, p90, or p95 unless source-reported or deterministically documented; keep total arsenic separate from inorganic arsenic; keep total mercury separate from methylmercury; keep wet, dry, as-sold, prepared, and reconstituted bases separate; do not promote pending-tier evidence into public claims. Do not infer p50, p90, or p95 from means, ranges, IQRs, or max values unless a deterministic method is documented. Means, medians, ranges, and maxima do not create p90 or p95 values by themselves.","distribution-capable rows, documented percentile extraction, or summary-only disposition",Mark distribution-capable only when sample values or explicitly reported percentiles are present and traceable.,"only summary values available but threshold pressure is high; deterministic percentile method proposed",true,true,npm run evidence:show-results -- --product infant-formula-powder-non-soy,"Loaded rows support N/mean/median/max context, but aggregate p90 needs sample-level values or explicitly reported percentiles from fit sources. Find sample-level data or explicitly reported percentiles; retain mean/median/max rows as context until then. Do not invent p50/p90/p95 from ranges or means."
44,P2,locate_sample_level_or_reported_percentile_data,find-sample-level-or-percentile-evidence,infant-formula-powder-soy-based,"Infant formula, powder (soy-based)",locked_hmtc_row,published,"iAs; Al; Ni; Ca; Cu; Fe; I; Mn; Se; Zn",,BLOCKED: summary evidence only,"whether source provides sample-level values, source-reported percentiles, or only summary/range evidence; basis; species; censoring","data/evidence/hmtc_standards_action_queue.csv; data/evidence/hmtc_standards_gap_report.csv","Do not infer p50, p90, or p95 unless source-reported or deterministically documented; keep total arsenic separate from inorganic arsenic; keep total mercury separate from methylmercury; keep wet, dry, as-sold, prepared, and reconstituted bases separate; do not promote pending-tier evidence into public claims. Do not infer p50, p90, or p95 from means, ranges, IQRs, or max values unless a deterministic method is documented. Means, medians, ranges, and maxima do not create p90 or p95 values by themselves.","distribution-capable rows, documented percentile extraction, or summary-only disposition",Mark distribution-capable only when sample values or explicitly reported percentiles are present and traceable.,"only summary values available but threshold pressure is high; deterministic percentile method proposed",true,true,npm run evidence:show-results -- --product infant-formula-powder-soy-based,"Loaded rows support N/mean/median/max context, but aggregate p90 needs sample-level values or explicitly reported percentiles from fit sources. Find sample-level data or explicitly reported percentiles; retain mean/median/max rows as context until then. Do not invent p50/p90/p95 from ranges or means."
45,P2,locate_sample_level_or_reported_percentile_data,find-sample-level-or-percentile-evidence,infant-formula-rtf-liquid-non-soy,"Infant formula, RTF liquid (non-soy)",locked_hmtc_row,published,"Al; Cu; Fe; I; Mn; Se; Zn",,BLOCKED: summary evidence only,"whether source provides sample-level values, source-reported percentiles, or only summary/range evidence; basis; species; censoring","data/evidence/hmtc_standards_action_queue.csv; data/evidence/hmtc_standards_gap_report.csv","Do not infer p50, p90, or p95 unless source-reported or deterministically documented; keep total arsenic separate from inorganic arsenic; keep total mercury separate from methylmercury; keep wet, dry, as-sold, prepared, and reconstituted bases separate; do not promote pending-tier evidence into public claims. Do not infer p50, p90, or p95 from means, ranges, IQRs, or max values unless a deterministic method is documented. Means, medians, ranges, and maxima do not create p90 or p95 values by themselves.","distribution-capable rows, documented percentile extraction, or summary-only disposition",Mark distribution-capable only when sample values or explicitly reported percentiles are present and traceable.,"only summary values available but threshold pressure is high; deterministic percentile method proposed",true,true,npm run evidence:show-results -- --product infant-formula-rtf-liquid-non-soy,"Loaded rows support N/mean/median/max context, but aggregate p90 needs sample-level values or explicitly reported percentiles from fit sources. Find sample-level data or explicitly reported percentiles; retain mean/median/max rows as context until then. Do not invent p50/p90/p95 from ranges or means."
46,P2,locate_sample_level_or_reported_percentile_data,find-sample-level-or-percentile-evidence,infant-formula-rtf-liquid-soy-based,"Infant formula, RTF liquid (soy-based)",locked_hmtc_row,published,Al,,BLOCKED: summary evidence only,"whether source provides sample-level values, source-reported percentiles, or only summary/range evidence; basis; species; censoring","data/evidence/hmtc_standards_action_queue.csv; data/evidence/hmtc_standards_gap_report.csv","Do not infer p50, p90, or p95 unless source-reported or deterministically documented; keep total arsenic separate from inorganic arsenic; keep total mercury separate from methylmercury; keep wet, dry, as-sold, prepared, and reconstituted bases separate; do not promote pending-tier evidence into public claims. Do not infer p50, p90, or p95 from means, ranges, IQRs, or max values unless a deterministic method is documented. Means, medians, ranges, and maxima do not create p90 or p95 values by themselves.","distribution-capable rows, documented percentile extraction, or summary-only disposition",Mark distribution-capable only when sample values or explicitly reported percentiles are present and traceable.,"only summary values available but threshold pressure is high; deterministic percentile method proposed",true,true,npm run evidence:show-results -- --product infant-formula-rtf-liquid-soy-based,"Loaded rows support N/mean/median/max context, but aggregate p90 needs sample-level values or explicitly reported percentiles from fit sources. Find sample-level data or explicitly reported percentiles; retain mean/median/max rows as context until then. Do not invent p50/p90/p95 from ranges or means."
47,P2,locate_sample_level_or_reported_percentile_data,find-sample-level-or-percentile-evidence,meat-and-poultry-purees,Meat and poultry purees,locked_hmtc_row,published,"Pb; Cd; tAs; tHg; Al; Ni; Sn",,BLOCKED: summary evidence only,"whether source provides sample-level values, source-reported percentiles, or only summary/range evidence; basis; species; censoring","data/evidence/hmtc_standards_action_queue.csv; data/evidence/hmtc_standards_gap_report.csv; data/evidence/local_reingest_context_dispositions.csv","Do not infer p50, p90, or p95 unless source-reported or deterministically documented; keep total arsenic separate from inorganic arsenic; keep total mercury separate from methylmercury; keep wet, dry, as-sold, prepared, and reconstituted bases separate; do not promote pending-tier evidence into public claims. Do not infer p50, p90, or p95 from means, ranges, IQRs, or max values unless a deterministic method is documented. Means, medians, ranges, and maxima do not create p90 or p95 values by themselves.","distribution-capable rows, documented percentile extraction, or summary-only disposition",Mark distribution-capable only when sample values or explicitly reported percentiles are present and traceable.,"only summary values available but threshold pressure is high; deterministic percentile method proposed",true,true,npm run evidence:show-results -- --product meat-and-poultry-purees,"Loaded rows support N/mean/median/max context, but aggregate p90 needs sample-level values or explicitly reported percentiles from fit sources. Find sample-level data or explicitly reported percentiles; retain mean/median/max rows as context until then. Do not invent p50/p90/p95 from ranges or means."
48,P2,locate_sample_level_or_reported_percentile_data,find-sample-level-or-percentile-evidence,mixed-meals-non-rice,"Mixed meals, non-rice",locked_hmtc_row,published,"iAs; Ni",,BLOCKED: summary evidence only,"whether source provides sample-level values, source-reported percentiles, or only summary/range evidence; basis; species; censoring","data/evidence/hmtc_standards_action_queue.csv; data/evidence/hmtc_standards_gap_report.csv","Do not infer p50, p90, or p95 unless source-reported or deterministically documented; keep total arsenic separate from inorganic arsenic; keep total mercury separate from methylmercury; keep wet, dry, as-sold, prepared, and reconstituted bases separate; do not promote pending-tier evidence into public claims. Do not infer p50, p90, or p95 from means, ranges, IQRs, or max values unless a deterministic method is documented. Means, medians, ranges, and maxima do not create p90 or p95 values by themselves.","distribution-capable rows, documented percentile extraction, or summary-only disposition",Mark distribution-capable only when sample values or explicitly reported percentiles are present and traceable.,"only summary values available but threshold pressure is high; deterministic percentile method proposed",true,true,npm run evidence:show-results -- --product mixed-meals-non-rice,"Loaded rows support N/mean/median/max context, but aggregate p90 needs sample-level values or explicitly reported percentiles from fit sources. Find sample-level data or explicitly reported percentiles; retain mean/median/max rows as context until then. Do not invent p50/p90/p95 from ranges or means."
49,P2,locate_sample_level_or_reported_percentile_data,find-sample-level-or-percentile-evidence,mixed-meals-rice-containing,"Mixed meals, rice-containing",locked_hmtc_row,published,"iAs; Ni",,BLOCKED: summary evidence only,"whether source provides sample-level values, source-reported percentiles, or only summary/range evidence; basis; species; censoring","data/evidence/hmtc_standards_action_queue.csv; data/evidence/hmtc_standards_gap_report.csv","Do not infer p50, p90, or p95 unless source-reported or deterministically documented; keep total arsenic separate from inorganic arsenic; keep total mercury separate from methylmercury; keep wet, dry, as-sold, prepared, and reconstituted bases separate; do not promote pending-tier evidence into public claims. Do not infer p50, p90, or p95 from means, ranges, IQRs, or max values unless a deterministic method is documented. Means, medians, ranges, and maxima do not create p90 or p95 values by themselves.","distribution-capable rows, documented percentile extraction, or summary-only disposition",Mark distribution-capable only when sample values or explicitly reported percentiles are present and traceable.,"only summary values available but threshold pressure is high; deterministic percentile method proposed",true,true,npm run evidence:show-results -- --product mixed-meals-rice-containing,"Loaded rows support N/mean/median/max context, but aggregate p90 needs sample-level values or explicitly reported percentiles from fit sources. Find sample-level data or explicitly reported percentiles; retain mean/median/max rows as context until then. Do not invent p50/p90/p95 from ranges or means."
50,P2,locate_sample_level_or_reported_percentile_data,find-sample-level-or-percentile-evidence,plant-milks-non-soy-non-rice,"Plant milks (almond, oat, coconut, other non-soy/non-rice)",locked_hmtc_row,,"Pb; tHg; U",,BLOCKED: summary evidence only,"whether source provides sample-level values, source-reported percentiles, or only summary/range evidence; basis; species; censoring","data/evidence/hmtc_standards_action_queue.csv; data/evidence/hmtc_standards_gap_report.csv; data/evidence/local_reingest_context_dispositions.csv","Do not infer p50, p90, or p95 unless source-reported or deterministically documented; keep total arsenic separate from inorganic arsenic; keep total mercury separate from methylmercury; keep wet, dry, as-sold, prepared, and reconstituted bases separate; do not promote pending-tier evidence into public claims. Do not infer p50, p90, or p95 from means, ranges, IQRs, or max values unless a deterministic method is documented. Means, medians, ranges, and maxima do not create p90 or p95 values by themselves.","distribution-capable rows, documented percentile extraction, or summary-only disposition",Mark distribution-capable only when sample values or explicitly reported percentiles are present and traceable.,"only summary values available but threshold pressure is high; deterministic percentile method proposed",true,true,npm run evidence:show-results -- --product plant-milks-non-soy-non-rice,"Loaded rows support N/mean/median/max context, but aggregate p90 needs sample-level values or explicitly reported percentiles from fit sources. Find sample-level data or explicitly reported percentiles; retain mean/median/max rows as context until then. Do not invent p50/p90/p95 from ranges or means."
51,P2,locate_sample_level_or_reported_percentile_data,find-sample-level-or-percentile-evidence,plant-milks-rice-based,"Plant milks, rice-based",locked_hmtc_row,,"iAs; tAs",,BLOCKED: summary evidence only,"whether source provides sample-level values, source-reported percentiles, or only summary/range evidence; basis; species; censoring","data/evidence/hmtc_standards_action_queue.csv; data/evidence/hmtc_standards_gap_report.csv","Do not infer p50, p90, or p95 unless source-reported or deterministically documented; keep total arsenic separate from inorganic arsenic; keep total mercury separate from methylmercury; keep wet, dry, as-sold, prepared, and reconstituted bases separate; do not promote pending-tier evidence into public claims. Do not infer p50, p90, or p95 from means, ranges, IQRs, or max values unless a deterministic method is documented. Means, medians, ranges, and maxima do not create p90 or p95 values by themselves.","distribution-capable rows, documented percentile extraction, or summary-only disposition",Mark distribution-capable only when sample values or explicitly reported percentiles are present and traceable.,"only summary values available but threshold pressure is high; deterministic percentile method proposed",true,true,npm run evidence:show-results -- --product plant-milks-rice-based,"Loaded rows support N/mean/median/max context, but aggregate p90 needs sample-level values or explicitly reported percentiles from fit sources. Find sample-level data or explicitly reported percentiles; retain mean/median/max rows as context until then. Do not invent p50/p90/p95 from ranges or means."
52,P2,locate_sample_level_or_reported_percentile_data,find-sample-level-or-percentile-evidence,plant-milks-soy-based,"Plant milks, soy-based",locked_hmtc_row,,"Pb; Cd; tAs; Al; Ni; Sn; Cr-total; Sb",,BLOCKED: summary evidence only,"whether source provides sample-level values, source-reported percentiles, or only summary/range evidence; basis; species; censoring","data/evidence/hmtc_standards_action_queue.csv; data/evidence/hmtc_standards_gap_report.csv; data/evidence/local_reingest_context_dispositions.csv","Do not infer p50, p90, or p95 unless source-reported or deterministically documented; keep total arsenic separate from inorganic arsenic; keep total mercury separate from methylmercury; keep wet, dry, as-sold, prepared, and reconstituted bases separate; do not promote pending-tier evidence into public claims. Do not infer p50, p90, or p95 from means, ranges, IQRs, or max values unless a deterministic method is documented. Means, medians, ranges, and maxima do not create p90 or p95 values by themselves.","distribution-capable rows, documented percentile extraction, or summary-only disposition",Mark distribution-capable only when sample values or explicitly reported percentiles are present and traceable.,"only summary values available but threshold pressure is high; deterministic percentile method proposed",true,true,npm run evidence:show-results -- --product plant-milks-soy-based,"Loaded rows support N/mean/median/max context, but aggregate p90 needs sample-level values or explicitly reported percentiles from fit sources. Find sample-level data or explicitly reported percentiles; retain mean/median/max rows as context until then. Do not invent p50/p90/p95 from ranges or means."
53,P2,locate_sample_level_or_reported_percentile_data,find-sample-level-or-percentile-evidence,teething-and-snacks-rice-based,Teething & snacks (rice-based),locked_hmtc_row,published,iAs,,BLOCKED: summary evidence only,"whether source provides sample-level values, source-reported percentiles, or only summary/range evidence; basis; species; censoring","data/evidence/hmtc_standards_action_queue.csv; data/evidence/hmtc_standards_gap_report.csv; data/evidence/local_reingest_context_dispositions.csv","Do not infer p50, p90, or p95 unless source-reported or deterministically documented; keep total arsenic separate from inorganic arsenic; keep total mercury separate from methylmercury; keep wet, dry, as-sold, prepared, and reconstituted bases separate; do not promote pending-tier evidence into public claims. Do not infer p50, p90, or p95 from means, ranges, IQRs, or max values unless a deterministic method is documented. Means, medians, ranges, and maxima do not create p90 or p95 values by themselves.","distribution-capable rows, documented percentile extraction, or summary-only disposition",Mark distribution-capable only when sample values or explicitly reported percentiles are present and traceable.,"only summary values available but threshold pressure is high; deterministic percentile method proposed",true,true,npm run evidence:show-results -- --product teething-and-snacks-rice-based,"Loaded rows support N/mean/median/max context, but aggregate p90 needs sample-level values or explicitly reported percentiles from fit sources. Find sample-level data or explicitly reported percentiles; retain mean/median/max rows as context until then. Do not invent p50/p90/p95 from ranges or means."
54,P3,adjudicate_evidence_fitness,review-evidence-fitness,infant-formula-powder-non-soy,"Infant formula, powder (non-soy)",locked_hmtc_row,published,Sb,,BLOCKED: evidence fitness review needed,"product row fit; basis; analyte species; unit; statistic type; N; censoring/non-detect handling; Evidence Fitness; routeability; public-use boundary","data/evidence/hmtc_standards_action_queue.csv; data/evidence/hmtc_standards_gap_report.csv","Do not infer p50, p90, or p95 unless source-reported or deterministically documented; keep total arsenic separate from inorganic arsenic; keep total mercury separate from methylmercury; keep wet, dry, as-sold, prepared, and reconstituted bases separate; do not promote pending-tier evidence into public claims. Keep pending-tier and machine-extracted evidence out of public claims until reviewed. Pending-tier and machine-extracted evidence stay out of public claims until promoted.","Evidence Fitness verdict with traceable caveats, or demotion to candidate/context-only status","Promote only if row fit, basis, species, unit, statistic type, and censoring are explicitly documented.","borderline EF verdict; high-impact product row; source contradiction",true,true,npm run evidence:show-results -- --product infant-formula-powder-non-soy,"Review loaded rows and pending sources before HMTc p90 math. Review row fit, basis, censoring, and Evidence Fitness before any standards calculation. Loaded source count: 1."
55,P3,adjudicate_evidence_fitness,review-evidence-fitness,infant-formula-powder-soy-based,"Infant formula, powder (soy-based)",locked_hmtc_row,published,"Sn; Cr-total; Sb",,BLOCKED: evidence fitness review needed,"product row fit; basis; analyte species; unit; statistic type; N; censoring/non-detect handling; Evidence Fitness; routeability; public-use boundary","data/evidence/hmtc_standards_action_queue.csv; data/evidence/hmtc_standards_gap_report.csv","Do not infer p50, p90, or p95 unless source-reported or deterministically documented; keep total arsenic separate from inorganic arsenic; keep total mercury separate from methylmercury; keep wet, dry, as-sold, prepared, and reconstituted bases separate; do not promote pending-tier evidence into public claims. Keep pending-tier and machine-extracted evidence out of public claims until reviewed. Pending-tier and machine-extracted evidence stay out of public claims until promoted.","Evidence Fitness verdict with traceable caveats, or demotion to candidate/context-only status","Promote only if row fit, basis, species, unit, statistic type, and censoring are explicitly documented.","borderline EF verdict; high-impact product row; source contradiction",true,true,npm run evidence:show-results -- --product infant-formula-powder-soy-based,"Review loaded rows and pending sources before HMTc p90 math. Review row fit, basis, censoring, and Evidence Fitness before any standards calculation. Loaded source count: 1."
56,P3,adjudicate_evidence_fitness,review-evidence-fitness,infant-formula-rtf-liquid-non-soy,"Infant formula, RTF liquid (non-soy)",locked_hmtc_row,published,"iAs; Ni; Sn; Cr-total; Sb",,BLOCKED: evidence fitness review needed,"product row fit; basis; analyte species; unit; statistic type; N; censoring/non-detect handling; Evidence Fitness; routeability; public-use boundary","data/evidence/hmtc_standards_action_queue.csv; data/evidence/hmtc_standards_gap_report.csv","Do not infer p50, p90, or p95 unless source-reported or deterministically documented; keep total arsenic separate from inorganic arsenic; keep total mercury separate from methylmercury; keep wet, dry, as-sold, prepared, and reconstituted bases separate; do not promote pending-tier evidence into public claims. Keep pending-tier and machine-extracted evidence out of public claims until reviewed. Pending-tier and machine-extracted evidence stay out of public claims until promoted.","Evidence Fitness verdict with traceable caveats, or demotion to candidate/context-only status","Promote only if row fit, basis, species, unit, statistic type, and censoring are explicitly documented.","borderline EF verdict; high-impact product row; source contradiction",true,true,npm run evidence:show-results -- --product infant-formula-rtf-liquid-non-soy,"Review loaded rows and pending sources before HMTc p90 math. Review row fit, basis, censoring, and Evidence Fitness before any standards calculation. Loaded source count: 1."
57,P3,run_aggregate_math_readiness_check,run-aggregate-math-review,fruit-juice-not-canned,Fruit juice (not canned),locked_hmtc_row,published,iAs,,READY FOR AGGREGATE MATH REVIEW,"basis harmonization; censoring method; source independence; product comparability; regulatory ceiling; confidence interval; governance boundary","data/evidence/hmtc_standards_action_queue.csv; data/evidence/hmtc_standards_gap_report.csv","Do not infer p50, p90, or p95 unless source-reported or deterministically documented; keep total arsenic separate from inorganic arsenic; keep total mercury separate from methylmercury; keep wet, dry, as-sold, prepared, and reconstituted bases separate; do not promote pending-tier evidence into public claims. Readiness is not a final value; standards decisions still require review and approval. Readiness is not a final public HMTc value.","standards-decision draft, math-blocker record, or governance-approval packet","A machine math packet can be prepared when inputs are traceable, but final HMTc threshold approval is a governance decision.","any proposed HMTc threshold, regulatory conflict, brand impact, or confidence below governance target",true,true,npm run evidence:show-results -- --product fruit-juice-not-canned,"Review row fit, basis harmonization, censoring, and source weights before publishing an HMTc p90. Review basis harmonization, censoring, row fit, and source weights before standards publication. This is a readiness flag, not a final standards value."
