source_id,sample_id,total_as_raw,total_as_lower_bound_ppb,total_as_censoring,inorganic_as_raw,inorganic_as_lower_bound_ppb,inorganic_as_censoring,dma_raw,dma_lower_bound_ppb,dma_censoring,mma_raw,mma_lower_bound_ppb,mma_censoring,product_slug,source_product_label,basis,unit,notes
fda2011-apple-juice-arsenic-speciation,561799,5.6,5.6,quantified,5.2,5.2,quantified,TR,0,reported_trace_above_lod_below_loq,0,0,reported_zero_or_not_detected,fruit-juices-apple-containing,FDA 2011 single-strength apple juice,single_strength_juice,ppb,FDA reports Trace (TR) when species results are below LOQ and above LOD; lower-bound summary treats TR as 0 ppb.
fda2011-apple-juice-arsenic-speciation,561800,36,36,quantified,8.3,8.3,quantified,TR,0,reported_trace_above_lod_below_loq,19,19,quantified,fruit-juices-apple-containing,FDA 2011 single-strength apple juice,single_strength_juice,ppb,FDA reports Trace (TR) when species results are below LOQ and above LOD; lower-bound summary treats TR as 0 ppb.
fda2011-apple-juice-arsenic-speciation,592030,7.5,7.5,quantified,5.4,5.4,quantified,TR,0,reported_trace_above_lod_below_loq,0,0,reported_zero_or_not_detected,fruit-juices-apple-containing,FDA 2011 single-strength apple juice,single_strength_juice,ppb,FDA reports Trace (TR) when species results are below LOQ and above LOD; lower-bound summary treats TR as 0 ppb.
fda2011-apple-juice-arsenic-speciation,606077,4.1,4.1,quantified,TR,0,reported_trace_above_lod_below_loq,TR,0,reported_trace_above_lod_below_loq,0,0,reported_zero_or_not_detected,fruit-juices-apple-containing,FDA 2011 single-strength apple juice,single_strength_juice,ppb,FDA reports Trace (TR) when species results are below LOQ and above LOD; lower-bound summary treats TR as 0 ppb.
fda2011-apple-juice-arsenic-speciation,606078,6.6,6.6,quantified,3.9,3.9,quantified,0,0,reported_zero_or_not_detected,0,0,reported_zero_or_not_detected,fruit-juices-apple-containing,FDA 2011 single-strength apple juice,single_strength_juice,ppb,FDA reports Trace (TR) when species results are below LOQ and above LOD; lower-bound summary treats TR as 0 ppb.
fda2011-apple-juice-arsenic-speciation,615659,1.3,1.3,quantified,TR,0,reported_trace_above_lod_below_loq,0,0,reported_zero_or_not_detected,0,0,reported_zero_or_not_detected,fruit-juices-apple-containing,FDA 2011 single-strength apple juice,single_strength_juice,ppb,FDA reports Trace (TR) when species results are below LOQ and above LOD; lower-bound summary treats TR as 0 ppb.
fda2011-apple-juice-arsenic-speciation,629367,6.9,6.9,quantified,5.0,5.0,quantified,TR,0,reported_trace_above_lod_below_loq,0,0,reported_zero_or_not_detected,fruit-juices-apple-containing,FDA 2011 single-strength apple juice,single_strength_juice,ppb,FDA reports Trace (TR) when species results are below LOQ and above LOD; lower-bound summary treats TR as 0 ppb.
fda2011-apple-juice-arsenic-speciation,629368,10,10,quantified,8.1,8.1,quantified,TR,0,reported_trace_above_lod_below_loq,0,0,reported_zero_or_not_detected,fruit-juices-apple-containing,FDA 2011 single-strength apple juice,single_strength_juice,ppb,FDA reports Trace (TR) when species results are below LOQ and above LOD; lower-bound summary treats TR as 0 ppb.
fda2011-apple-juice-arsenic-speciation,645508,30,30,quantified,8.4,8.4,quantified,TR,0,reported_trace_above_lod_below_loq,20,20,quantified,fruit-juices-apple-containing,FDA 2011 single-strength apple juice,single_strength_juice,ppb,FDA reports Trace (TR) when species results are below LOQ and above LOD; lower-bound summary treats TR as 0 ppb.
fda2011-apple-juice-arsenic-speciation,645509,5.5,5.5,quantified,TR,0,reported_trace_above_lod_below_loq,0,0,reported_zero_or_not_detected,TR,0,reported_trace_above_lod_below_loq,fruit-juices-apple-containing,FDA 2011 single-strength apple juice,single_strength_juice,ppb,FDA reports Trace (TR) when species results are below LOQ and above LOD; lower-bound summary treats TR as 0 ppb.
fda2011-apple-juice-arsenic-speciation,645510,1.4,1.4,quantified,TR,0,reported_trace_above_lod_below_loq,0,0,reported_zero_or_not_detected,0,0,reported_zero_or_not_detected,fruit-juices-apple-containing,FDA 2011 single-strength apple juice,single_strength_juice,ppb,FDA reports Trace (TR) when species results are below LOQ and above LOD; lower-bound summary treats TR as 0 ppb.
fda2011-apple-juice-arsenic-speciation,657385,TR,0,reported_trace_above_lod_below_loq,0,0,reported_zero_or_not_detected,TR,0,reported_trace_above_lod_below_loq,0,0,reported_zero_or_not_detected,fruit-juices-apple-containing,FDA 2011 single-strength apple juice,single_strength_juice,ppb,FDA reports Trace (TR) when species results are below LOQ and above LOD; lower-bound summary treats TR as 0 ppb.
fda2011-apple-juice-arsenic-speciation,658160,2.6,2.6,quantified,TR,0,reported_trace_above_lod_below_loq,0,0,reported_zero_or_not_detected,0,0,reported_zero_or_not_detected,fruit-juices-apple-containing,FDA 2011 single-strength apple juice,single_strength_juice,ppb,FDA reports Trace (TR) when species results are below LOQ and above LOD; lower-bound summary treats TR as 0 ppb.
fda2011-apple-juice-arsenic-speciation,658161,5.1,5.1,quantified,TR,0,reported_trace_above_lod_below_loq,0,0,reported_zero_or_not_detected,0,0,reported_zero_or_not_detected,fruit-juices-apple-containing,FDA 2011 single-strength apple juice,single_strength_juice,ppb,FDA reports Trace (TR) when species results are below LOQ and above LOD; lower-bound summary treats TR as 0 ppb.
fda2011-apple-juice-arsenic-speciation,658162,7.2,7.2,quantified,4.0,4.0,quantified,TR,0,reported_trace_above_lod_below_loq,TR,0,reported_trace_above_lod_below_loq,fruit-juices-apple-containing,FDA 2011 single-strength apple juice,single_strength_juice,ppb,FDA reports Trace (TR) when species results are below LOQ and above LOD; lower-bound summary treats TR as 0 ppb.
fda2011-apple-juice-arsenic-speciation,659338,6.8,6.8,quantified,4.8,4.8,quantified,0,0,reported_zero_or_not_detected,0,0,reported_zero_or_not_detected,fruit-juices-apple-containing,FDA 2011 single-strength apple juice,single_strength_juice,ppb,FDA reports Trace (TR) when species results are below LOQ and above LOD; lower-bound summary treats TR as 0 ppb.
fda2011-apple-juice-arsenic-speciation,661782,6.3,6.3,quantified,5.5,5.5,quantified,0,0,reported_zero_or_not_detected,0,0,reported_zero_or_not_detected,fruit-juices-apple-containing,FDA 2011 single-strength apple juice,single_strength_juice,ppb,FDA reports Trace (TR) when species results are below LOQ and above LOD; lower-bound summary treats TR as 0 ppb.
fda2011-apple-juice-arsenic-speciation,663975,5.9,5.9,quantified,4.9,4.9,quantified,TR,0,reported_trace_above_lod_below_loq,0,0,reported_zero_or_not_detected,fruit-juices-apple-containing,FDA 2011 single-strength apple juice,single_strength_juice,ppb,FDA reports Trace (TR) when species results are below LOQ and above LOD; lower-bound summary treats TR as 0 ppb.
fda2011-apple-juice-arsenic-speciation,665626,3.5,3.5,quantified,TR,0,reported_trace_above_lod_below_loq,TR,0,reported_trace_above_lod_below_loq,0,0,reported_zero_or_not_detected,fruit-juices-apple-containing,FDA 2011 single-strength apple juice,single_strength_juice,ppb,FDA reports Trace (TR) when species results are below LOQ and above LOD; lower-bound summary treats TR as 0 ppb.
fda2011-apple-juice-arsenic-speciation,665627,3.5,3.5,quantified,TR,0,reported_trace_above_lod_below_loq,TR,0,reported_trace_above_lod_below_loq,0,0,reported_zero_or_not_detected,fruit-juices-apple-containing,FDA 2011 single-strength apple juice,single_strength_juice,ppb,FDA reports Trace (TR) when species results are below LOQ and above LOD; lower-bound summary treats TR as 0 ppb.
fda2011-apple-juice-arsenic-speciation,665628,TR,0,reported_trace_above_lod_below_loq,TR,0,reported_trace_above_lod_below_loq,0,0,reported_zero_or_not_detected,0,0,reported_zero_or_not_detected,fruit-juices-apple-containing,FDA 2011 single-strength apple juice,single_strength_juice,ppb,FDA reports Trace (TR) when species results are below LOQ and above LOD; lower-bound summary treats TR as 0 ppb.
fda2011-apple-juice-arsenic-speciation,669327,9.6,9.6,quantified,9.8,9.8,quantified,TR,0,reported_trace_above_lod_below_loq,0,0,reported_zero_or_not_detected,fruit-juices-apple-containing,FDA 2011 single-strength apple juice,single_strength_juice,ppb,FDA reports Trace (TR) when species results are below LOQ and above LOD; lower-bound summary treats TR as 0 ppb.
fda2011-apple-juice-arsenic-speciation,669328,6.5,6.5,quantified,4.5,4.5,quantified,0,0,reported_zero_or_not_detected,0,0,reported_zero_or_not_detected,fruit-juices-apple-containing,FDA 2011 single-strength apple juice,single_strength_juice,ppb,FDA reports Trace (TR) when species results are below LOQ and above LOD; lower-bound summary treats TR as 0 ppb.
fda2011-apple-juice-arsenic-speciation,669329,TR,0,reported_trace_above_lod_below_loq,0,0,reported_zero_or_not_detected,0,0,reported_zero_or_not_detected,0,0,reported_zero_or_not_detected,fruit-juices-apple-containing,FDA 2011 single-strength apple juice,single_strength_juice,ppb,FDA reports Trace (TR) when species results are below LOQ and above LOD; lower-bound summary treats TR as 0 ppb.
fda2011-apple-juice-arsenic-speciation,669330,7.1,7.1,quantified,6.9,6.9,quantified,TR,0,reported_trace_above_lod_below_loq,0,0,reported_zero_or_not_detected,fruit-juices-apple-containing,FDA 2011 single-strength apple juice,single_strength_juice,ppb,FDA reports Trace (TR) when species results are below LOQ and above LOD; lower-bound summary treats TR as 0 ppb.
fda2011-apple-juice-arsenic-speciation,669331,4.8,4.8,quantified,4.3,4.3,quantified,TR,0,reported_trace_above_lod_below_loq,0,0,reported_zero_or_not_detected,fruit-juices-apple-containing,FDA 2011 single-strength apple juice,single_strength_juice,ppb,FDA reports Trace (TR) when species results are below LOQ and above LOD; lower-bound summary treats TR as 0 ppb.
fda2011-apple-juice-arsenic-speciation,669332,6.1,6.1,quantified,5.8,5.8,quantified,0,0,reported_zero_or_not_detected,0,0,reported_zero_or_not_detected,fruit-juices-apple-containing,FDA 2011 single-strength apple juice,single_strength_juice,ppb,FDA reports Trace (TR) when species results are below LOQ and above LOD; lower-bound summary treats TR as 0 ppb.
fda2011-apple-juice-arsenic-speciation,669333,7.9,7.9,quantified,7.8,7.8,quantified,TR,0,reported_trace_above_lod_below_loq,0,0,reported_zero_or_not_detected,fruit-juices-apple-containing,FDA 2011 single-strength apple juice,single_strength_juice,ppb,FDA reports Trace (TR) when species results are below LOQ and above LOD; lower-bound summary treats TR as 0 ppb.
fda2011-apple-juice-arsenic-speciation,669997,5.4,5.4,quantified,4.6,4.6,quantified,TR,0,reported_trace_above_lod_below_loq,0,0,reported_zero_or_not_detected,fruit-juices-apple-containing,FDA 2011 single-strength apple juice,single_strength_juice,ppb,FDA reports Trace (TR) when species results are below LOQ and above LOD; lower-bound summary treats TR as 0 ppb.
fda2011-apple-juice-arsenic-speciation,669998,5.3,5.3,quantified,3.9,3.9,quantified,0,0,reported_zero_or_not_detected,0,0,reported_zero_or_not_detected,fruit-juices-apple-containing,FDA 2011 single-strength apple juice,single_strength_juice,ppb,FDA reports Trace (TR) when species results are below LOQ and above LOD; lower-bound summary treats TR as 0 ppb.
fda2011-apple-juice-arsenic-speciation,669999,TR,0,reported_trace_above_lod_below_loq,TR,0,reported_trace_above_lod_below_loq,0,0,reported_zero_or_not_detected,0,0,reported_zero_or_not_detected,fruit-juices-apple-containing,FDA 2011 single-strength apple juice,single_strength_juice,ppb,FDA reports Trace (TR) when species results are below LOQ and above LOD; lower-bound summary treats TR as 0 ppb.
fda2011-apple-juice-arsenic-speciation,670000,3.2,3.2,quantified,2.8,2.8,quantified,TR,0,reported_trace_above_lod_below_loq,0,0,reported_zero_or_not_detected,fruit-juices-apple-containing,FDA 2011 single-strength apple juice,single_strength_juice,ppb,FDA reports Trace (TR) when species results are below LOQ and above LOD; lower-bound summary treats TR as 0 ppb.
fda2011-apple-juice-arsenic-speciation,670001,5.4,5.4,quantified,4.1,4.1,quantified,TR,0,reported_trace_above_lod_below_loq,0,0,reported_zero_or_not_detected,fruit-juices-apple-containing,FDA 2011 single-strength apple juice,single_strength_juice,ppb,FDA reports Trace (TR) when species results are below LOQ and above LOD; lower-bound summary treats TR as 0 ppb.
fda2011-apple-juice-arsenic-speciation,671312,7.5,7.5,quantified,5.2,5.2,quantified,TR,0,reported_trace_above_lod_below_loq,0,0,reported_zero_or_not_detected,fruit-juices-apple-containing,FDA 2011 single-strength apple juice,single_strength_juice,ppb,FDA reports Trace (TR) when species results are below LOQ and above LOD; lower-bound summary treats TR as 0 ppb.
fda2011-apple-juice-arsenic-speciation,671313,5.0,5.0,quantified,4.7,4.7,quantified,TR,0,reported_trace_above_lod_below_loq,0,0,reported_zero_or_not_detected,fruit-juices-apple-containing,FDA 2011 single-strength apple juice,single_strength_juice,ppb,FDA reports Trace (TR) when species results are below LOQ and above LOD; lower-bound summary treats TR as 0 ppb.
fda2011-apple-juice-arsenic-speciation,671314,TR,0,reported_trace_above_lod_below_loq,0,0,reported_zero_or_not_detected,TR,0,reported_trace_above_lod_below_loq,0,0,reported_zero_or_not_detected,fruit-juices-apple-containing,FDA 2011 single-strength apple juice,single_strength_juice,ppb,FDA reports Trace (TR) when species results are below LOQ and above LOD; lower-bound summary treats TR as 0 ppb.
fda2011-apple-juice-arsenic-speciation,671560,5.8,5.8,quantified,5.3,5.3,quantified,0,0,reported_zero_or_not_detected,0,0,reported_zero_or_not_detected,fruit-juices-apple-containing,FDA 2011 single-strength apple juice,single_strength_juice,ppb,FDA reports Trace (TR) when species results are below LOQ and above LOD; lower-bound summary treats TR as 0 ppb.
fda2011-apple-juice-arsenic-speciation,671561,1.4,1.4,quantified,TR,0,reported_trace_above_lod_below_loq,TR,0,reported_trace_above_lod_below_loq,0,0,reported_zero_or_not_detected,fruit-juices-apple-containing,FDA 2011 single-strength apple juice,single_strength_juice,ppb,FDA reports Trace (TR) when species results are below LOQ and above LOD; lower-bound summary treats TR as 0 ppb.
fda2011-apple-juice-arsenic-speciation,688172,8.4,8.4,quantified,6.9,6.9,quantified,TR,0,reported_trace_above_lod_below_loq,0,0,reported_zero_or_not_detected,fruit-juices-apple-containing,FDA 2011 single-strength apple juice,single_strength_juice,ppb,FDA reports Trace (TR) when species results are below LOQ and above LOD; lower-bound summary treats TR as 0 ppb.
fda2011-apple-juice-arsenic-speciation,688173,6.2,6.2,quantified,4.9,4.9,quantified,TR,0,reported_trace_above_lod_below_loq,0,0,reported_zero_or_not_detected,fruit-juices-apple-containing,FDA 2011 single-strength apple juice,single_strength_juice,ppb,FDA reports Trace (TR) when species results are below LOQ and above LOD; lower-bound summary treats TR as 0 ppb.
fda2011-apple-juice-arsenic-speciation,688921,5.5,5.5,quantified,4.2,4.2,quantified,TR,0,reported_trace_above_lod_below_loq,0,0,reported_zero_or_not_detected,fruit-juices-apple-containing,FDA 2011 single-strength apple juice,single_strength_juice,ppb,FDA reports Trace (TR) when species results are below LOQ and above LOD; lower-bound summary treats TR as 0 ppb.
fda2011-apple-juice-arsenic-speciation,689740,6.7,6.7,quantified,5.8,5.8,quantified,TR,0,reported_trace_above_lod_below_loq,0,0,reported_zero_or_not_detected,fruit-juices-apple-containing,FDA 2011 single-strength apple juice,single_strength_juice,ppb,FDA reports Trace (TR) when species results are below LOQ and above LOD; lower-bound summary treats TR as 0 ppb.
fda2011-apple-juice-arsenic-speciation,689741,5.8,5.8,quantified,3.9,3.9,quantified,0,0,reported_zero_or_not_detected,0,0,reported_zero_or_not_detected,fruit-juices-apple-containing,FDA 2011 single-strength apple juice,single_strength_juice,ppb,FDA reports Trace (TR) when species results are below LOQ and above LOD; lower-bound summary treats TR as 0 ppb.
fda2011-apple-juice-arsenic-speciation,689742,4.3,4.3,quantified,TR,0,reported_trace_above_lod_below_loq,TR,0,reported_trace_above_lod_below_loq,0,0,reported_zero_or_not_detected,fruit-juices-apple-containing,FDA 2011 single-strength apple juice,single_strength_juice,ppb,FDA reports Trace (TR) when species results are below LOQ and above LOD; lower-bound summary treats TR as 0 ppb.
fda2011-apple-juice-arsenic-speciation,693283,9.2,9.2,quantified,7.2,7.2,quantified,TR,0,reported_trace_above_lod_below_loq,0,0,reported_zero_or_not_detected,fruit-juices-apple-containing,FDA 2011 single-strength apple juice,single_strength_juice,ppb,FDA reports Trace (TR) when species results are below LOQ and above LOD; lower-bound summary treats TR as 0 ppb.
fda2011-apple-juice-arsenic-speciation,693284,9.9,9.9,quantified,7.9,7.9,quantified,TR,0,reported_trace_above_lod_below_loq,0,0,reported_zero_or_not_detected,fruit-juices-apple-containing,FDA 2011 single-strength apple juice,single_strength_juice,ppb,FDA reports Trace (TR) when species results are below LOQ and above LOD; lower-bound summary treats TR as 0 ppb.
fda2011-apple-juice-arsenic-speciation,694020,TR,0,reported_trace_above_lod_below_loq,TR,0,reported_trace_above_lod_below_loq,0,0,reported_zero_or_not_detected,0,0,reported_zero_or_not_detected,fruit-juices-apple-containing,FDA 2011 single-strength apple juice,single_strength_juice,ppb,FDA reports Trace (TR) when species results are below LOQ and above LOD; lower-bound summary treats TR as 0 ppb.
fda2011-apple-juice-arsenic-speciation,694021,5.4,5.4,quantified,5.1,5.1,quantified,TR,0,reported_trace_above_lod_below_loq,0,0,reported_zero_or_not_detected,fruit-juices-apple-containing,FDA 2011 single-strength apple juice,single_strength_juice,ppb,FDA reports Trace (TR) when species results are below LOQ and above LOD; lower-bound summary treats TR as 0 ppb.
fda2011-apple-juice-arsenic-speciation,695975,5.4,5.4,quantified,4.7,4.7,quantified,TR,0,reported_trace_above_lod_below_loq,0,0,reported_zero_or_not_detected,fruit-juices-apple-containing,FDA 2011 single-strength apple juice,single_strength_juice,ppb,FDA reports Trace (TR) when species results are below LOQ and above LOD; lower-bound summary treats TR as 0 ppb.
fda2011-apple-juice-arsenic-speciation,695976,4.6,4.6,quantified,TR,0,reported_trace_above_lod_below_loq,TR,0,reported_trace_above_lod_below_loq,0,0,reported_zero_or_not_detected,fruit-juices-apple-containing,FDA 2011 single-strength apple juice,single_strength_juice,ppb,FDA reports Trace (TR) when species results are below LOQ and above LOD; lower-bound summary treats TR as 0 ppb.
fda2011-apple-juice-arsenic-speciation,695977,4.9,4.9,quantified,3.9,3.9,quantified,TR,0,reported_trace_above_lod_below_loq,0,0,reported_zero_or_not_detected,fruit-juices-apple-containing,FDA 2011 single-strength apple juice,single_strength_juice,ppb,FDA reports Trace (TR) when species results are below LOQ and above LOD; lower-bound summary treats TR as 0 ppb.
fda2011-apple-juice-arsenic-speciation,695978,TR,0,reported_trace_above_lod_below_loq,TR,0,reported_trace_above_lod_below_loq,TR,0,reported_trace_above_lod_below_loq,0,0,reported_zero_or_not_detected,fruit-juices-apple-containing,FDA 2011 single-strength apple juice,single_strength_juice,ppb,FDA reports Trace (TR) when species results are below LOQ and above LOD; lower-bound summary treats TR as 0 ppb.
fda2011-apple-juice-arsenic-speciation,695979,7.1,7.1,quantified,6.5,6.5,quantified,TR,0,reported_trace_above_lod_below_loq,0,0,reported_zero_or_not_detected,fruit-juices-apple-containing,FDA 2011 single-strength apple juice,single_strength_juice,ppb,FDA reports Trace (TR) when species results are below LOQ and above LOD; lower-bound summary treats TR as 0 ppb.
fda2011-apple-juice-arsenic-speciation,695980,7.5,7.5,quantified,6.6,6.6,quantified,TR,0,reported_trace_above_lod_below_loq,0,0,reported_zero_or_not_detected,fruit-juices-apple-containing,FDA 2011 single-strength apple juice,single_strength_juice,ppb,FDA reports Trace (TR) when species results are below LOQ and above LOD; lower-bound summary treats TR as 0 ppb.
fda2011-apple-juice-arsenic-speciation,697132,6.8,6.8,quantified,5.1,5.1,quantified,TR,0,reported_trace_above_lod_below_loq,0,0,reported_zero_or_not_detected,fruit-juices-apple-containing,FDA 2011 single-strength apple juice,single_strength_juice,ppb,FDA reports Trace (TR) when species results are below LOQ and above LOD; lower-bound summary treats TR as 0 ppb.
fda2011-apple-juice-arsenic-speciation,697133,6.5,6.5,quantified,4.9,4.9,quantified,0,0,reported_zero_or_not_detected,0,0,reported_zero_or_not_detected,fruit-juices-apple-containing,FDA 2011 single-strength apple juice,single_strength_juice,ppb,FDA reports Trace (TR) when species results are below LOQ and above LOD; lower-bound summary treats TR as 0 ppb.
fda2011-apple-juice-arsenic-speciation,697134,6.7,6.7,quantified,5.1,5.1,quantified,0,0,reported_zero_or_not_detected,0,0,reported_zero_or_not_detected,fruit-juices-apple-containing,FDA 2011 single-strength apple juice,single_strength_juice,ppb,FDA reports Trace (TR) when species results are below LOQ and above LOD; lower-bound summary treats TR as 0 ppb.
fda2011-apple-juice-arsenic-speciation,701815,3.5,3.5,quantified,TR,0,reported_trace_above_lod_below_loq,TR,0,reported_trace_above_lod_below_loq,0,0,reported_zero_or_not_detected,fruit-juices-apple-containing,FDA 2011 single-strength apple juice,single_strength_juice,ppb,FDA reports Trace (TR) when species results are below LOQ and above LOD; lower-bound summary treats TR as 0 ppb.
fda2011-apple-juice-arsenic-speciation,701816,8,8,quantified,TR,0,reported_trace_above_lod_below_loq,TR,0,reported_trace_above_lod_below_loq,TR,0,reported_trace_above_lod_below_loq,fruit-juices-apple-containing,FDA 2011 single-strength apple juice,single_strength_juice,ppb,FDA reports Trace (TR) when species results are below LOQ and above LOD; lower-bound summary treats TR as 0 ppb.
fda2011-apple-juice-arsenic-speciation,702418,1.9,1.9,quantified,TR,0,reported_trace_above_lod_below_loq,TR,0,reported_trace_above_lod_below_loq,0,0,reported_zero_or_not_detected,fruit-juices-apple-containing,FDA 2011 single-strength apple juice,single_strength_juice,ppb,FDA reports Trace (TR) when species results are below LOQ and above LOD; lower-bound summary treats TR as 0 ppb.
fda2011-apple-juice-arsenic-speciation,702419,6.1,6.1,quantified,5.4,5.4,quantified,0,0,reported_zero_or_not_detected,0,0,reported_zero_or_not_detected,fruit-juices-apple-containing,FDA 2011 single-strength apple juice,single_strength_juice,ppb,FDA reports Trace (TR) when species results are below LOQ and above LOD; lower-bound summary treats TR as 0 ppb.
fda2011-apple-juice-arsenic-speciation,702420,6.0,6.0,quantified,5.3,5.3,quantified,0,0,reported_zero_or_not_detected,0,0,reported_zero_or_not_detected,fruit-juices-apple-containing,FDA 2011 single-strength apple juice,single_strength_juice,ppb,FDA reports Trace (TR) when species results are below LOQ and above LOD; lower-bound summary treats TR as 0 ppb.
fda2011-apple-juice-arsenic-speciation,702586,6.3,6.3,quantified,5.4,5.4,quantified,TR,0,reported_trace_above_lod_below_loq,0,0,reported_zero_or_not_detected,fruit-juices-apple-containing,FDA 2011 single-strength apple juice,single_strength_juice,ppb,FDA reports Trace (TR) when species results are below LOQ and above LOD; lower-bound summary treats TR as 0 ppb.
fda2011-apple-juice-arsenic-speciation,702587,8.5,8.5,quantified,7.5,7.5,quantified,TR,0,reported_trace_above_lod_below_loq,0,0,reported_zero_or_not_detected,fruit-juices-apple-containing,FDA 2011 single-strength apple juice,single_strength_juice,ppb,FDA reports Trace (TR) when species results are below LOQ and above LOD; lower-bound summary treats TR as 0 ppb.
fda2011-apple-juice-arsenic-speciation,708245,2.9,2.9,quantified,TR,0,reported_trace_above_lod_below_loq,0,0,reported_zero_or_not_detected,0,0,reported_zero_or_not_detected,fruit-juices-apple-containing,FDA 2011 single-strength apple juice,single_strength_juice,ppb,FDA reports Trace (TR) when species results are below LOQ and above LOD; lower-bound summary treats TR as 0 ppb.
fda2011-apple-juice-arsenic-speciation,708246,7.8,7.8,quantified,5.4,5.4,quantified,0,0,reported_zero_or_not_detected,0,0,reported_zero_or_not_detected,fruit-juices-apple-containing,FDA 2011 single-strength apple juice,single_strength_juice,ppb,FDA reports Trace (TR) when species results are below LOQ and above LOD; lower-bound summary treats TR as 0 ppb.
fda2011-apple-juice-arsenic-speciation,708247,7.0,7.0,quantified,5.1,5.1,quantified,0,0,reported_zero_or_not_detected,0,0,reported_zero_or_not_detected,fruit-juices-apple-containing,FDA 2011 single-strength apple juice,single_strength_juice,ppb,FDA reports Trace (TR) when species results are below LOQ and above LOD; lower-bound summary treats TR as 0 ppb.
fda2011-apple-juice-arsenic-speciation,714078,2.5,2.5,quantified,TR,0,reported_trace_above_lod_below_loq,0,0,reported_zero_or_not_detected,0,0,reported_zero_or_not_detected,fruit-juices-apple-containing,FDA 2011 single-strength apple juice,single_strength_juice,ppb,FDA reports Trace (TR) when species results are below LOQ and above LOD; lower-bound summary treats TR as 0 ppb.
fda2011-apple-juice-arsenic-speciation,714317,6.1,6.1,quantified,5.3,5.3,quantified,0,0,reported_zero_or_not_detected,0,0,reported_zero_or_not_detected,fruit-juices-apple-containing,FDA 2011 single-strength apple juice,single_strength_juice,ppb,FDA reports Trace (TR) when species results are below LOQ and above LOD; lower-bound summary treats TR as 0 ppb.
fda2011-apple-juice-arsenic-speciation,714318,2,2,quantified,7.0,7.0,quantified,TR,0,reported_trace_above_lod_below_loq,0,0,reported_zero_or_not_detected,fruit-juices-apple-containing,FDA 2011 single-strength apple juice,single_strength_juice,ppb,FDA reports Trace (TR) when species results are below LOQ and above LOD; lower-bound summary treats TR as 0 ppb.
fda2011-apple-juice-arsenic-speciation,714319,11,11,quantified,8.2,8.2,quantified,TR,0,reported_trace_above_lod_below_loq,0,0,reported_zero_or_not_detected,fruit-juices-apple-containing,FDA 2011 single-strength apple juice,single_strength_juice,ppb,FDA reports Trace (TR) when species results are below LOQ and above LOD; lower-bound summary treats TR as 0 ppb.
fda2011-apple-juice-arsenic-speciation,714721,8.9,8.9,quantified,8.4,8.4,quantified,TR,0,reported_trace_above_lod_below_loq,0,0,reported_zero_or_not_detected,fruit-juices-apple-containing,FDA 2011 single-strength apple juice,single_strength_juice,ppb,FDA reports Trace (TR) when species results are below LOQ and above LOD; lower-bound summary treats TR as 0 ppb.
fda2011-apple-juice-arsenic-speciation,714722,4.6,4.6,quantified,TR,0,reported_trace_above_lod_below_loq,TR,0,reported_trace_above_lod_below_loq,0,0,reported_zero_or_not_detected,fruit-juices-apple-containing,FDA 2011 single-strength apple juice,single_strength_juice,ppb,FDA reports Trace (TR) when species results are below LOQ and above LOD; lower-bound summary treats TR as 0 ppb.
fda2011-apple-juice-arsenic-speciation,715042,5.4,5.4,quantified,TR,0,reported_trace_above_lod_below_loq,TR,0,reported_trace_above_lod_below_loq,0,0,reported_zero_or_not_detected,fruit-juices-apple-containing,FDA 2011 single-strength apple juice,single_strength_juice,ppb,FDA reports Trace (TR) when species results are below LOQ and above LOD; lower-bound summary treats TR as 0 ppb.
fda2011-apple-juice-arsenic-speciation,715043,5.6,5.6,quantified,3.8,3.8,quantified,TR,0,reported_trace_above_lod_below_loq,0,0,reported_zero_or_not_detected,fruit-juices-apple-containing,FDA 2011 single-strength apple juice,single_strength_juice,ppb,FDA reports Trace (TR) when species results are below LOQ and above LOD; lower-bound summary treats TR as 0 ppb.
fda2011-apple-juice-arsenic-speciation,716089,8.4,8.4,quantified,6.8,6.8,quantified,TR,0,reported_trace_above_lod_below_loq,0,0,reported_zero_or_not_detected,fruit-juices-apple-containing,FDA 2011 single-strength apple juice,single_strength_juice,ppb,FDA reports Trace (TR) when species results are below LOQ and above LOD; lower-bound summary treats TR as 0 ppb.
fda2011-apple-juice-arsenic-speciation,717104,6.7,6.7,quantified,5.1,5.1,quantified,0,0,reported_zero_or_not_detected,0,0,reported_zero_or_not_detected,fruit-juices-apple-containing,FDA 2011 single-strength apple juice,single_strength_juice,ppb,FDA reports Trace (TR) when species results are below LOQ and above LOD; lower-bound summary treats TR as 0 ppb.
fda2011-apple-juice-arsenic-speciation,717105,9.0,9.0,quantified,6.5,6.5,quantified,TR,0,reported_trace_above_lod_below_loq,0,0,reported_zero_or_not_detected,fruit-juices-apple-containing,FDA 2011 single-strength apple juice,single_strength_juice,ppb,FDA reports Trace (TR) when species results are below LOQ and above LOD; lower-bound summary treats TR as 0 ppb.
fda2011-apple-juice-arsenic-speciation,718082,9.4,9.4,quantified,8.2,8.2,quantified,TR,0,reported_trace_above_lod_below_loq,0,0,reported_zero_or_not_detected,fruit-juices-apple-containing,FDA 2011 single-strength apple juice,single_strength_juice,ppb,FDA reports Trace (TR) when species results are below LOQ and above LOD; lower-bound summary treats TR as 0 ppb.
fda2011-apple-juice-arsenic-speciation,718083,7.7,7.7,quantified,7.2,7.2,quantified,TR,0,reported_trace_above_lod_below_loq,0,0,reported_zero_or_not_detected,fruit-juices-apple-containing,FDA 2011 single-strength apple juice,single_strength_juice,ppb,FDA reports Trace (TR) when species results are below LOQ and above LOD; lower-bound summary treats TR as 0 ppb.
fda2011-apple-juice-arsenic-speciation,718084,4.2,4.2,quantified,3.5,3.5,quantified,0,0,reported_zero_or_not_detected,0,0,reported_zero_or_not_detected,fruit-juices-apple-containing,FDA 2011 single-strength apple juice,single_strength_juice,ppb,FDA reports Trace (TR) when species results are below LOQ and above LOD; lower-bound summary treats TR as 0 ppb.
fda2011-apple-juice-arsenic-speciation,718085,2.8,2.8,quantified,3.0,3.0,quantified,0,0,reported_zero_or_not_detected,0,0,reported_zero_or_not_detected,fruit-juices-apple-containing,FDA 2011 single-strength apple juice,single_strength_juice,ppb,FDA reports Trace (TR) when species results are below LOQ and above LOD; lower-bound summary treats TR as 0 ppb.
fda2011-apple-juice-arsenic-speciation,718086,3.6,3.6,quantified,3.1,3.1,quantified,0,0,reported_zero_or_not_detected,0,0,reported_zero_or_not_detected,fruit-juices-apple-containing,FDA 2011 single-strength apple juice,single_strength_juice,ppb,FDA reports Trace (TR) when species results are below LOQ and above LOD; lower-bound summary treats TR as 0 ppb.
fda2011-apple-juice-arsenic-speciation,720876,2.6,2.6,quantified,TR,0,reported_trace_above_lod_below_loq,TR,0,reported_trace_above_lod_below_loq,TR,0,reported_trace_above_lod_below_loq,fruit-juices-apple-containing,FDA 2011 single-strength apple juice,single_strength_juice,ppb,FDA reports Trace (TR) when species results are below LOQ and above LOD; lower-bound summary treats TR as 0 ppb.
fda2011-apple-juice-arsenic-speciation,720877,11,11,quantified,5.6,5.6,quantified,TR,0,reported_trace_above_lod_below_loq,4.4,4.4,quantified,fruit-juices-apple-containing,FDA 2011 single-strength apple juice,single_strength_juice,ppb,FDA reports Trace (TR) when species results are below LOQ and above LOD; lower-bound summary treats TR as 0 ppb.
fda2011-apple-juice-arsenic-speciation,722786,7.1,7.1,quantified,5.0,5.0,quantified,0,0,reported_zero_or_not_detected,0,0,reported_zero_or_not_detected,fruit-juices-apple-containing,FDA 2011 single-strength apple juice,single_strength_juice,ppb,FDA reports Trace (TR) when species results are below LOQ and above LOD; lower-bound summary treats TR as 0 ppb.
fda2011-apple-juice-arsenic-speciation,722787,9.6,9.6,quantified,7.5,7.5,quantified,TR,0,reported_trace_above_lod_below_loq,0,0,reported_zero_or_not_detected,fruit-juices-apple-containing,FDA 2011 single-strength apple juice,single_strength_juice,ppb,FDA reports Trace (TR) when species results are below LOQ and above LOD; lower-bound summary treats TR as 0 ppb.
fda2011-apple-juice-arsenic-speciation,722788,8.2,8.2,quantified,5.8,5.8,quantified,0,0,reported_zero_or_not_detected,0,0,reported_zero_or_not_detected,fruit-juices-apple-containing,FDA 2011 single-strength apple juice,single_strength_juice,ppb,FDA reports Trace (TR) when species results are below LOQ and above LOD; lower-bound summary treats TR as 0 ppb.
fda2011-apple-juice-arsenic-speciation,722789,9.1,9.1,quantified,7.0,7.0,quantified,0,0,reported_zero_or_not_detected,0,0,reported_zero_or_not_detected,fruit-juices-apple-containing,FDA 2011 single-strength apple juice,single_strength_juice,ppb,FDA reports Trace (TR) when species results are below LOQ and above LOD; lower-bound summary treats TR as 0 ppb.
fda2011-apple-juice-arsenic-speciation,722790,7.8,7.8,quantified,6.7,6.7,quantified,TR,0,reported_trace_above_lod_below_loq,0,0,reported_zero_or_not_detected,fruit-juices-apple-containing,FDA 2011 single-strength apple juice,single_strength_juice,ppb,FDA reports Trace (TR) when species results are below LOQ and above LOD; lower-bound summary treats TR as 0 ppb.
fda2011-apple-juice-arsenic-speciation,722819,6.5,6.5,quantified,5.6,5.6,quantified,TR,0,reported_trace_above_lod_below_loq,0,0,reported_zero_or_not_detected,fruit-juices-apple-containing,FDA 2011 single-strength apple juice,single_strength_juice,ppb,FDA reports Trace (TR) when species results are below LOQ and above LOD; lower-bound summary treats TR as 0 ppb.
fda2011-apple-juice-arsenic-speciation,724360,9.6,9.6,quantified,7.7,7.7,quantified,0,0,reported_zero_or_not_detected,0,0,reported_zero_or_not_detected,fruit-juices-apple-containing,FDA 2011 single-strength apple juice,single_strength_juice,ppb,FDA reports Trace (TR) when species results are below LOQ and above LOD; lower-bound summary treats TR as 0 ppb.
fda2011-apple-juice-arsenic-speciation,724361,3.6,3.6,quantified,2.8,2.8,quantified,TR,0,reported_trace_above_lod_below_loq,0,0,reported_zero_or_not_detected,fruit-juices-apple-containing,FDA 2011 single-strength apple juice,single_strength_juice,ppb,FDA reports Trace (TR) when species results are below LOQ and above LOD; lower-bound summary treats TR as 0 ppb.
fda2011-apple-juice-arsenic-speciation,724362,5.5,5.5,quantified,4.9,4.9,quantified,TR,0,reported_trace_above_lod_below_loq,0,0,reported_zero_or_not_detected,fruit-juices-apple-containing,FDA 2011 single-strength apple juice,single_strength_juice,ppb,FDA reports Trace (TR) when species results are below LOQ and above LOD; lower-bound summary treats TR as 0 ppb.
