product_slug,product_label,product_standard_scope,product_review_state,metal_species,loaded_source_count,loaded_n,loaded_row_count,loaded_basis,loaded_row_fit,distribution_capable_source_count,summary_or_range_source_count,pending_local_extract_source_count,candidate_pdf_match_count,missing_pdf_count,source_on_page_no_structured_value_count,local_candidate_value_count,context_disposition_count,tds_product_route_candidate_count,tds_product_route_foods,regulatory_reference_status,aggregate_hmtc_p90_status,evidence_needed,local_papers_to_extract,local_candidates_to_review,context_dispositions,candidate_pdf_matches_to_review,papers_to_find,notes
baby-cereals-dry-non-rice,"Baby cereals / grain products, dry (non-rice)",locked_hmtc_row,published,Pb,2,25,2,"as_sold; as_sold_or_source_reported","direct_category1_row; broad_cereal_based_infant_food_context",1,1,0,0,0,0,1,0,0,,"fda2025_pb_dry_infant_cereal_20: 20 ug/kg; final guidance action level; dry infant cereals for children under 2 | eu2023_pb_babyfood_cereal_20: 20 ug/kg; maximum level; baby food and processed cereal-based food for infants and young children",DO NOT PUBLISH P90: single distribution-capable source,"Aggregate HMTc p90 needs multiple fit sources, not one source-reported or reconstructed distribution.",,collado-lopez2025-heavy-metals-baby-food-formula,,,,"A single source can remain loaded evidence, but it is not the HMTc aggregate."
baby-cereals-dry-non-rice,"Baby cereals / grain products, dry (non-rice)",locked_hmtc_row,published,Cd,2,25,2,"as_sold; as_sold_or_source_reported","direct_category1_row; broad_cereal_based_infant_food_context",1,1,0,0,0,0,1,0,0,,"eu2023_cd_babyfood_cereal_40: 40 ug/kg; maximum level; baby food and processed cereal-based food for infants and young children",DO NOT PUBLISH P90: single distribution-capable source,"Aggregate HMTc p90 needs multiple fit sources, not one source-reported or reconstructed distribution.",,collado-lopez2025-heavy-metals-baby-food-formula,,,,"A single source can remain loaded evidence, but it is not the HMTc aggregate."
baby-cereals-dry-non-rice,"Baby cereals / grain products, dry (non-rice)",locked_hmtc_row,published,tAs,2,25,2,"as_sold; as_sold_or_source_reported","direct_category1_row; broad_cereal_based_infant_food_context",1,1,0,0,0,0,1,1,0,,No regulatory reference value loaded.,DO NOT PUBLISH P90: single distribution-capable source,"Aggregate HMTc p90 needs multiple fit sources, not one source-reported or reconstructed distribution.",,collado-lopez2025-heavy-metals-baby-food-formula,signes-pastor2018-infants-dietary-arsenic-solid-food,,,"A single source can remain loaded evidence, but it is not the HMTc aggregate."
baby-cereals-dry-non-rice,"Baby cereals / grain products, dry (non-rice)",locked_hmtc_row,published,iAs,1,0,1,as_sold_or_source_reported,broad_cereal_based_infant_food_context,0,1,0,0,0,0,0,1,0,,No regulatory reference value loaded.,BLOCKED: summary evidence only,"Loaded rows support N/mean/median/max context, but aggregate p90 needs sample-level values or explicitly reported percentiles from fit sources.",,,signes-pastor2018-infants-dietary-arsenic-solid-food,,,Do not invent p50/p90/p95 from ranges or means.
baby-cereals-dry-non-rice,"Baby cereals / grain products, dry (non-rice)",locked_hmtc_row,published,tHg,1,9,1,as_sold,direct_category1_row,1,0,0,0,0,0,0,1,0,,No regulatory reference value loaded.,DO NOT PUBLISH P90: single distribution-capable source,"Aggregate HMTc p90 needs multiple fit sources, not one source-reported or reconstructed distribution.",,,collado-lopez2025-heavy-metals-baby-food-formula,,,"A single source can remain loaded evidence, but it is not the HMTc aggregate."
baby-cereals-dry-non-rice,"Baby cereals / grain products, dry (non-rice)",locked_hmtc_row,published,Ni,1,0,1,as_sold_or_source_reported,broad_cereal_based_infant_food_context,0,1,0,0,0,0,0,0,0,,No regulatory reference value loaded.,BLOCKED: summary evidence only,"Loaded rows support N/mean/median/max context, but aggregate p90 needs sample-level values or explicitly reported percentiles from fit sources.",,,,,,Do not invent p50/p90/p95 from ranges or means.
baby-cereals-dry-rice-based,"Baby cereals / grain products, dry (rice-based)",locked_hmtc_row,published,Pb,2,256,2,"as_sold; as_sold_or_source_reported","direct_category1_row; broad_cereal_based_infant_food_context",1,1,0,0,0,0,1,0,0,,"fda2025_pb_dry_infant_cereal_20: 20 ug/kg; final guidance action level; dry infant cereals for children under 2 | eu2023_pb_babyfood_cereal_20: 20 ug/kg; maximum level; baby food and processed cereal-based food for infants and young children",DO NOT PUBLISH P90: single distribution-capable source,"Aggregate HMTc p90 needs multiple fit sources, not one source-reported or reconstructed distribution.",,collado-lopez2025-heavy-metals-baby-food-formula,,,,"A single source can remain loaded evidence, but it is not the HMTc aggregate."
baby-cereals-dry-rice-based,"Baby cereals / grain products, dry (rice-based)",locked_hmtc_row,published,Cd,2,252,2,"as_sold; as_sold_or_source_reported","direct_category1_row; broad_cereal_based_infant_food_context",1,1,0,0,0,0,1,0,0,,"eu2023_cd_babyfood_cereal_40: 40 ug/kg; maximum level; baby food and processed cereal-based food for infants and young children",DO NOT PUBLISH P90: single distribution-capable source,"Aggregate HMTc p90 needs multiple fit sources, not one source-reported or reconstructed distribution.",,collado-lopez2025-heavy-metals-baby-food-formula,,,,"A single source can remain loaded evidence, but it is not the HMTc aggregate."
baby-cereals-dry-rice-based,"Baby cereals / grain products, dry (rice-based)",locked_hmtc_row,published,tAs,2,253,2,"as_sold; as_sold_or_source_reported","direct_category1_row; broad_cereal_based_infant_food_context",1,1,0,0,0,0,1,1,0,,No regulatory reference value loaded.,DO NOT PUBLISH P90: single distribution-capable source,"Aggregate HMTc p90 needs multiple fit sources, not one source-reported or reconstructed distribution.",,collado-lopez2025-heavy-metals-baby-food-formula,signes-pastor2018-infants-dietary-arsenic-solid-food,,,"A single source can remain loaded evidence, but it is not the HMTc aggregate."
baby-cereals-dry-rice-based,"Baby cereals / grain products, dry (rice-based)",locked_hmtc_row,published,iAs,2,272,5,"dry_weight; as_sold_or_source_reported","direct_category1_row; broad_cereal_based_infant_food_context",0,2,0,0,0,0,0,1,0,,"fda2020_ias_infant_rice_cereal_100: 100 ug/kg; final guidance action level; all types of infant rice cereals",BLOCKED: summary evidence only,"Loaded rows support N/mean/median/max context, but aggregate p90 needs sample-level values or explicitly reported percentiles from fit sources.",,,signes-pastor2018-infants-dietary-arsenic-solid-food,,,Do not invent p50/p90/p95 from ranges or means.
baby-cereals-dry-rice-based,"Baby cereals / grain products, dry (rice-based)",locked_hmtc_row,published,tHg,1,64,1,as_sold,direct_category1_row,1,0,0,0,0,0,0,1,0,,No regulatory reference value loaded.,DO NOT PUBLISH P90: single distribution-capable source,"Aggregate HMTc p90 needs multiple fit sources, not one source-reported or reconstructed distribution.",,,collado-lopez2025-heavy-metals-baby-food-formula,,,"A single source can remain loaded evidence, but it is not the HMTc aggregate."
baby-cereals-dry-rice-based,"Baby cereals / grain products, dry (rice-based)",locked_hmtc_row,published,Ni,1,0,1,as_sold_or_source_reported,broad_cereal_based_infant_food_context,0,1,0,0,0,0,0,0,0,,No regulatory reference value loaded.,BLOCKED: summary evidence only,"Loaded rows support N/mean/median/max context, but aggregate p90 needs sample-level values or explicitly reported percentiles from fit sources.",,,,,,Do not invent p50/p90/p95 from ranges or means.
coffee,Coffee,locked_hmtc_row,draft,Pb,0,0,0,,,0,0,0,0,0,0,0,0,0,,No regulatory reference value loaded.,BLOCKED: no structured evidence loaded,Add or route fit-source product evidence before any HMTc p90 decision.,,,,,,
coffee,Coffee,locked_hmtc_row,draft,Cd,0,0,0,,,0,0,0,0,0,0,0,0,0,,No regulatory reference value loaded.,BLOCKED: no structured evidence loaded,Add or route fit-source product evidence before any HMTc p90 decision.,,,,,,
coffee,Coffee,locked_hmtc_row,draft,tAs,0,0,0,,,0,0,0,0,0,0,0,0,0,,No regulatory reference value loaded.,BLOCKED: no structured evidence loaded,Add or route fit-source product evidence before any HMTc p90 decision.,,,,,,
fermented-beverages-non-tea-based,"Fermented beverages, non-tea-based",locked_hmtc_row,draft,Pb,0,0,0,,,0,0,0,0,0,0,0,0,0,,No regulatory reference value loaded.,BLOCKED: no structured evidence loaded,Add or route fit-source product evidence before any HMTc p90 decision.,,,,,,
fermented-beverages-non-tea-based,"Fermented beverages, non-tea-based",locked_hmtc_row,draft,Cd,0,0,0,,,0,0,0,0,0,0,0,0,0,,No regulatory reference value loaded.,BLOCKED: no structured evidence loaded,Add or route fit-source product evidence before any HMTc p90 decision.,,,,,,
fish-containing-baby-foods,Fish-containing baby foods,locked_hmtc_row,published,Pb,1,3,1,wet_weight,direct_category1_row,0,1,0,0,0,0,2,0,0,,"fda2025_pb_baby_food_10: 10 ug/kg; final guidance action level; fruits; vegetables excluding single-ingredient root vegetables; mixtures including grain- and meat-based mixtures; yogurts; custards/puddings; single-ingredient meats for children under 2 | eu2023_pb_babyfood_cereal_20: 20 ug/kg; maximum level; baby food for infants and young children",BLOCKED: summary evidence only,"Loaded rows support N/mean/median/max context, but aggregate p90 needs sample-level values or explicitly reported percentiles from fit sources.",,"collado-lopez2025-heavy-metals-baby-food-formula; meli2024-chemical-characterization-baby-food-italy",,,,Do not invent p50/p90/p95 from ranges or means.
fish-containing-baby-foods,Fish-containing baby foods,locked_hmtc_row,published,Cd,1,3,1,wet_weight,direct_category1_row,0,1,0,0,0,0,1,1,0,,"eu2023_cd_babyfood_cereal_40: 40 ug/kg; maximum level; baby food for infants and young children",BLOCKED: summary evidence only,"Loaded rows support N/mean/median/max context, but aggregate p90 needs sample-level values or explicitly reported percentiles from fit sources.",,meli2024-chemical-characterization-baby-food-italy,collado-lopez2025-heavy-metals-baby-food-formula,,,Do not invent p50/p90/p95 from ranges or means.
fish-containing-baby-foods,Fish-containing baby foods,locked_hmtc_row,published,MeHg,0,0,0,,,0,0,0,0,0,0,0,1,0,,No regulatory reference value loaded.,BLOCKED: documented local sources are context-only,"Find or route fit-source product evidence; local source routes for this row were read and documented as context-only or not routeable.",,,tatsuta2024-methylmercury-intake-children-duplicate-diet,,,See data/evidence/local_reingest_context_dispositions.csv.
flavored-waters,Flavored waters,locked_hmtc_row,draft,Pb,0,0,0,,,0,0,0,0,0,0,0,0,0,,"fda_21cfr165110_pb_bottled_water_5: 5 ug/kg; regulatory quality standard; bottled drinking water",BLOCKED: no structured evidence loaded,Add or route fit-source product evidence before any HMTc p90 decision.,,,,,,
fruit-juice-not-canned,Fruit juice (not canned),locked_hmtc_row,published,Pb,1,3,1,"FDA TDS prepared food/composite; reported concentration values retained",tds_finished_food_product_route_reviewed,1,0,0,1,1,0,1,0,1,"TDS 99: Juice, apple, bottled","fda2022_draft_pb_apple_juice_10: 10 ug/kg; draft guidance; not for implementation; single-strength apple juice | fda2004_juice_haccp_pb_50: 50 ug/kg; guidance hazard-control level; ready-to-drink fruit juices including fruit nectars | eu2023_pb_fruit_juice_other_30: 30 ug/kg; maximum level; fruit juices and nectars other than exclusively from berries and other small fruits",DO NOT PUBLISH P90: single distribution-capable source,"Aggregate HMTc p90 needs multiple fit sources, not one source-reported or reconstructed distribution.",,weldegebriel2025-ethiopia-packaged-fruit-juice-metals,,fda2022-draft-lead-juice,fda2004-juice-haccp-lead,"A single source can remain loaded evidence, but it is not the HMTc aggregate."
fruit-juice-not-canned,Fruit juice (not canned),locked_hmtc_row,published,Cd,1,3,1,"FDA TDS prepared food/composite; reported concentration values retained",tds_finished_food_product_route_reviewed,1,0,0,0,0,0,2,0,1,"TDS 99: Juice, apple, bottled",No regulatory reference value loaded.,DO NOT PUBLISH P90: single distribution-capable source,"Aggregate HMTc p90 needs multiple fit sources, not one source-reported or reconstructed distribution.",,"chekri2019-french-infant-toddler-tds-trace-elements; weldegebriel2025-ethiopia-packaged-fruit-juice-metals",,,,"A single source can remain loaded evidence, but it is not the HMTc aggregate."
fruit-juice-not-canned,Fruit juice (not canned),locked_hmtc_row,published,tAs,1,3,1,"FDA TDS prepared food/composite; reported concentration values retained",tds_total_species_context,1,0,0,0,0,0,1,0,1,"TDS 99: Juice, apple, bottled",No regulatory reference value loaded.,DO NOT PUBLISH P90: single distribution-capable source,"Aggregate HMTc p90 needs multiple fit sources, not one source-reported or reconstructed distribution.",,chekri2019-french-infant-toddler-tds-trace-elements,,,,"A single source can remain loaded evidence, but it is not the HMTc aggregate."
fruit-juice-not-canned,Fruit juice (not canned),locked_hmtc_row,published,iAs,0,0,0,,,0,0,0,0,0,0,0,0,0,,"fda2023_ias_apple_juice_10: 10 ug/kg; final guidance action level; apple juice | eu2023_ias_fruit_juice_20: 20 ug/kg; maximum level; fruit juices, concentrated fruit juices as reconstituted, and fruit nectars",BLOCKED: species-specific evidence missing,"Load iAs rows for this product; related total-species rows cannot substitute.",,,,,,Total/speciated analytes are intentionally separated before HMTc standards math.
fruit-juice-not-canned,Fruit juice (not canned),locked_hmtc_row,published,Ni,1,3,1,"FDA TDS prepared food/composite; reported concentration values retained",tds_finished_food_product_route_reviewed,1,0,0,0,0,0,2,0,1,"TDS 99: Juice, apple, bottled",No regulatory reference value loaded.,DO NOT PUBLISH P90: single distribution-capable source,"Aggregate HMTc p90 needs multiple fit sources, not one source-reported or reconstructed distribution.",,"chekri2019-french-infant-toddler-tds-trace-elements; weldegebriel2025-ethiopia-packaged-fruit-juice-metals",,,,"A single source can remain loaded evidence, but it is not the HMTc aggregate."
fruit-juices-apple-containing,"Fruit juices, apple-containing",locked_hmtc_row,draft,Pb,1,3,1,"FDA TDS prepared food/composite; reported concentration values retained",tds_finished_food_product_route_reviewed,1,0,0,0,0,0,0,0,1,"TDS 99: Juice, apple, bottled","fda2022_draft_pb_apple_juice_10: 10 ug/kg; draft guidance; not for implementation; single-strength apple juice | eu2023_pb_fruit_juice_other_30: 30 ug/kg; maximum level; fruit juices and nectars other than exclusively from berries and other small fruits",DO NOT PUBLISH P90: single distribution-capable source,"Aggregate HMTc p90 needs multiple fit sources, not one source-reported or reconstructed distribution.",,,,,,"A single source can remain loaded evidence, but it is not the HMTc aggregate."
fruit-juices-apple-containing,"Fruit juices, apple-containing",locked_hmtc_row,draft,tAs,1,3,1,"FDA TDS prepared food/composite; reported concentration values retained",tds_total_species_context,1,0,0,0,0,0,0,0,1,"TDS 99: Juice, apple, bottled",No regulatory reference value loaded.,DO NOT PUBLISH P90: single distribution-capable source,"Aggregate HMTc p90 needs multiple fit sources, not one source-reported or reconstructed distribution.",,,,,,"A single source can remain loaded evidence, but it is not the HMTc aggregate."
fruit-juices-apple-containing,"Fruit juices, apple-containing",locked_hmtc_row,draft,iAs,0,0,0,,,0,0,0,0,0,0,0,0,0,,"fda2023_ias_apple_juice_10: 10 ug/kg; final guidance action level; apple juice | eu2023_ias_fruit_juice_20: 20 ug/kg; maximum level; fruit juices, concentrated fruit juices as reconstituted, and fruit nectars",BLOCKED: species-specific evidence missing,"Load iAs rows for this product; related total-species rows cannot substitute.",,,,,,Total/speciated analytes are intentionally separated before HMTc standards math.
fruit-juices-non-apple,"Fruit juices, non-apple",locked_hmtc_row,draft,Pb,1,3,1,"FDA TDS prepared food/composite; reported concentration values retained",tds_finished_food_product_route_reviewed,1,0,0,0,0,0,0,0,1,"TDS 100: Juice, grapefruit, bottled/cartoned","fda2022_draft_pb_other_juice_20: 20 ug/kg; draft guidance; not for implementation; other single-strength juices and juice blends | fda2004_juice_haccp_pb_50: 50 ug/kg; guidance hazard-control level; ready-to-drink fruit juices including fruit nectars | eu2023_pb_fruit_juice_other_30: 30 ug/kg; maximum level; fruit juices and nectars other than exclusively from berries and other small fruits",DO NOT PUBLISH P90: single distribution-capable source,"Aggregate HMTc p90 needs multiple fit sources, not one source-reported or reconstructed distribution.",,,,,,"A single source can remain loaded evidence, but it is not the HMTc aggregate."
fruit-juices-non-apple,"Fruit juices, non-apple",locked_hmtc_row,draft,tAs,1,3,1,"FDA TDS prepared food/composite; reported concentration values retained",tds_total_species_context,1,0,0,0,0,0,0,0,1,"TDS 100: Juice, grapefruit, bottled/cartoned",No regulatory reference value loaded.,DO NOT PUBLISH P90: single distribution-capable source,"Aggregate HMTc p90 needs multiple fit sources, not one source-reported or reconstructed distribution.",,,,,,"A single source can remain loaded evidence, but it is not the HMTc aggregate."
fruit-juices-non-apple,"Fruit juices, non-apple",locked_hmtc_row,draft,iAs,0,0,0,,,0,0,0,0,0,0,0,0,0,,"eu2023_ias_fruit_juice_20: 20 ug/kg; maximum level; fruit juices, concentrated fruit juices as reconstituted, and fruit nectars",BLOCKED: species-specific evidence missing,"Load iAs rows for this product; related total-species rows cannot substitute.",,,,,,Total/speciated analytes are intentionally separated before HMTc standards math.
fruit-purees,Fruit purees (general),locked_hmtc_row,published,Pb,1,44,1,as_sold,direct_category1_row,1,0,0,0,0,0,3,1,0,,"fda2025_pb_baby_food_10: 10 ug/kg; final guidance action level; fruits; vegetables excluding single-ingredient root vegetables; mixtures including grain- and meat-based mixtures; yogurts; custards/puddings; single-ingredient meats for children under 2 | eu2023_pb_babyfood_cereal_20: 20 ug/kg; maximum level; baby food for infants and young children",DO NOT PUBLISH P90: single distribution-capable source,"Aggregate HMTc p90 needs multiple fit sources, not one source-reported or reconstructed distribution.",,"fsa2016-infant-food-formula-metals-survey; meli2024-chemical-characterization-baby-food-italy; parker2022-baby-food-arsenic-cadmium-lead-mercury-risk",collado-lopez2025-heavy-metals-baby-food-formula,,,"A single source can remain loaded evidence, but it is not the HMTc aggregate."
fruit-purees,Fruit purees (general),locked_hmtc_row,published,Cd,1,39,1,as_sold,direct_category1_row,1,0,0,0,0,0,4,1,0,,"eu2023_cd_babyfood_cereal_40: 40 ug/kg; maximum level; baby food for infants and young children",DO NOT PUBLISH P90: single distribution-capable source,"Aggregate HMTc p90 needs multiple fit sources, not one source-reported or reconstructed distribution.",,"chekri2019-french-infant-toddler-tds-trace-elements; fsa2016-infant-food-formula-metals-survey; meli2024-chemical-characterization-baby-food-italy; parker2022-baby-food-arsenic-cadmium-lead-mercury-risk",collado-lopez2025-heavy-metals-baby-food-formula,,,"A single source can remain loaded evidence, but it is not the HMTc aggregate."
fruit-purees,Fruit purees (general),locked_hmtc_row,published,tAs,1,39,1,as_sold,direct_category1_row,1,0,0,0,0,0,4,2,0,,No regulatory reference value loaded.,DO NOT PUBLISH P90: single distribution-capable source,"Aggregate HMTc p90 needs multiple fit sources, not one source-reported or reconstructed distribution.",,"chekri2019-french-infant-toddler-tds-trace-elements; fsa2016-infant-food-formula-metals-survey; meli2024-chemical-characterization-baby-food-italy; parker2022-baby-food-arsenic-cadmium-lead-mercury-risk","collado-lopez2025-heavy-metals-baby-food-formula; signes-pastor2018-infants-dietary-arsenic-solid-food",,,"A single source can remain loaded evidence, but it is not the HMTc aggregate."
fruit-purees,Fruit purees (general),locked_hmtc_row,published,iAs,0,0,0,,,0,0,0,0,0,0,1,1,0,,"eu2023_ias_babyfood_20: 20 ug/kg; maximum level; baby food for infants and young children",BLOCKED: species-specific evidence missing,"Load iAs rows for this product; related total-species rows cannot substitute.",,fsa2016-infant-food-formula-metals-survey,signes-pastor2018-infants-dietary-arsenic-solid-food,,,Total/speciated analytes are intentionally separated before HMTc standards math.
fruit-purees,Fruit purees (general),locked_hmtc_row,published,tHg,1,14,1,as_sold,direct_category1_row,1,0,0,0,0,0,3,1,0,,No regulatory reference value loaded.,DO NOT PUBLISH P90: single distribution-capable source,"Aggregate HMTc p90 needs multiple fit sources, not one source-reported or reconstructed distribution.",,"fsa2016-infant-food-formula-metals-survey; meli2024-chemical-characterization-baby-food-italy; parker2022-baby-food-arsenic-cadmium-lead-mercury-risk",collado-lopez2025-heavy-metals-baby-food-formula,,,"A single source can remain loaded evidence, but it is not the HMTc aggregate."
glucose-solutions,Glucose Solutions,bridge_context,draft,Pb,0,0,0,,,0,0,0,0,0,1,0,0,0,,No regulatory reference value loaded.,CONTEXT ONLY: not a locked HMTc standards row,"Keep this row visible for source routing and exposure context; do not compute an HMTc p90 unless it is promoted into the locked row architecture.",,,,,,Product scope: bridge_context.
glucose-solutions,Glucose Solutions,bridge_context,draft,Cd,0,0,0,,,0,0,0,0,0,1,0,0,0,,No regulatory reference value loaded.,CONTEXT ONLY: not a locked HMTc standards row,"Keep this row visible for source routing and exposure context; do not compute an HMTc p90 unless it is promoted into the locked row architecture.",,,,,,Product scope: bridge_context.
glucose-solutions,Glucose Solutions,bridge_context,draft,Al,0,0,0,,,0,0,0,0,0,1,0,0,0,,No regulatory reference value loaded.,CONTEXT ONLY: not a locked HMTc standards row,"Keep this row visible for source routing and exposure context; do not compute an HMTc p90 unless it is promoted into the locked row architecture.",,,,,,Product scope: bridge_context.
grain-based-snacks-rice-status-unspecified,Grain Based Snacks Rice Status Unspecified,not_locked_hmtc_row,,Pb,1,91,1,as_sold,category_context_only,1,0,0,0,0,0,0,0,0,,No regulatory reference value loaded.,OUT OF SCOPE: not a locked HMTc standards row,"Keep this row visible for source routing and exposure context; do not compute an HMTc p90 unless it is promoted into the locked row architecture.",,,,,,Product scope: not_locked_hmtc_row.
grain-based-snacks-rice-status-unspecified,Grain Based Snacks Rice Status Unspecified,not_locked_hmtc_row,,Cd,1,91,1,as_sold,category_context_only,1,0,0,0,0,0,0,0,0,,No regulatory reference value loaded.,OUT OF SCOPE: not a locked HMTc standards row,"Keep this row visible for source routing and exposure context; do not compute an HMTc p90 unless it is promoted into the locked row architecture.",,,,,,Product scope: not_locked_hmtc_row.
grain-based-snacks-rice-status-unspecified,Grain Based Snacks Rice Status Unspecified,not_locked_hmtc_row,,tAs,1,91,1,as_sold,category_context_only,1,0,0,0,0,0,0,0,0,,No regulatory reference value loaded.,OUT OF SCOPE: not a locked HMTc standards row,"Keep this row visible for source routing and exposure context; do not compute an HMTc p90 unless it is promoted into the locked row architecture.",,,,,,Product scope: not_locked_hmtc_row.
grain-based-snacks-rice-status-unspecified,Grain Based Snacks Rice Status Unspecified,not_locked_hmtc_row,,tHg,1,28,1,as_sold,category_context_only,1,0,0,0,0,0,0,0,0,,No regulatory reference value loaded.,OUT OF SCOPE: not a locked HMTc standards row,"Keep this row visible for source routing and exposure context; do not compute an HMTc p90 unless it is promoted into the locked row architecture.",,,,,,Product scope: not_locked_hmtc_row.
herbal-botanical-infusions,Herbal/botanical infusions,locked_hmtc_row,draft,Pb,0,0,0,,,0,0,0,0,0,0,0,0,0,,No regulatory reference value loaded.,BLOCKED: no structured evidence loaded,Add or route fit-source product evidence before any HMTc p90 decision.,,,,,,
herbal-botanical-infusions,Herbal/botanical infusions,locked_hmtc_row,draft,Cd,0,0,0,,,0,0,0,0,0,0,0,0,0,,No regulatory reference value loaded.,BLOCKED: no structured evidence loaded,Add or route fit-source product evidence before any HMTc p90 decision.,,,,,,
herbal-botanical-infusions,Herbal/botanical infusions,locked_hmtc_row,draft,Al,0,0,0,,,0,0,0,0,0,0,0,0,0,,No regulatory reference value loaded.,BLOCKED: no structured evidence loaded,Add or route fit-source product evidence before any HMTc p90 decision.,,,,,,
infant-formula-concentrated-liquid-non-soy,"Infant Formula, Concentrated Liquid (Non-Soy)",bridge_context,draft,Pb,2,52,2,"prepared_for_feeding; as_consumed",bridge_product_context,1,1,0,0,0,0,0,0,0,,"none_loaded: no numeric value; no matched regulatory value loaded; No product-specific value loaded in this crosswalk.",CONTEXT ONLY: not a locked HMTc standards row,"Keep this row visible for source routing and exposure context; do not compute an HMTc p90 unless it is promoted into the locked row architecture.",,,,,,Product scope: bridge_context.
infant-formula-concentrated-liquid-non-soy,"Infant Formula, Concentrated Liquid (Non-Soy)",bridge_context,draft,Cd,2,52,2,"prepared_for_feeding; as_consumed",bridge_product_context,1,1,0,0,0,0,0,0,0,,"none_loaded: no numeric value; no matched regulatory value loaded; No product-specific value loaded in this crosswalk.",CONTEXT ONLY: not a locked HMTc standards row,"Keep this row visible for source routing and exposure context; do not compute an HMTc p90 unless it is promoted into the locked row architecture.",,,,,,Product scope: bridge_context.
infant-formula-concentrated-liquid-non-soy,"Infant Formula, Concentrated Liquid (Non-Soy)",bridge_context,draft,tAs,1,8,1,prepared_for_feeding,bridge_product_context,1,0,0,0,0,0,0,0,0,,"none_loaded: no numeric value; no matched regulatory value loaded; No product-specific value loaded in this crosswalk.",CONTEXT ONLY: not a locked HMTc standards row,"Keep this row visible for source routing and exposure context; do not compute an HMTc p90 unless it is promoted into the locked row architecture.",,,,,,Product scope: bridge_context.
infant-formula-concentrated-liquid-non-soy,"Infant Formula, Concentrated Liquid (Non-Soy)",bridge_context,draft,tHg,1,8,1,prepared_for_feeding,bridge_product_context,1,0,0,0,0,0,0,0,0,,"none_loaded: no numeric value; no matched regulatory value loaded; No product-specific value loaded in this crosswalk.",CONTEXT ONLY: not a locked HMTc standards row,"Keep this row visible for source routing and exposure context; do not compute an HMTc p90 unless it is promoted into the locked row architecture.",,,,,,Product scope: bridge_context.
infant-formula-concentrated-liquid-non-soy,"Infant Formula, Concentrated Liquid (Non-Soy)",bridge_context,draft,Al,1,44,1,as_consumed,bridge_product_context,0,1,0,0,0,0,0,0,0,,No regulatory reference value loaded.,CONTEXT ONLY: not a locked HMTc standards row,"Keep this row visible for source routing and exposure context; do not compute an HMTc p90 unless it is promoted into the locked row architecture.",,,,,,Product scope: bridge_context.
infant-formula-concentrated-liquid-soy-based,"Infant Formula, Concentrated Liquid (Soy-Based)",bridge_context,draft,Pb,2,15,2,"prepared_for_feeding; as_consumed",bridge_product_context,1,1,0,0,0,0,0,0,0,,"none_loaded: no numeric value; no matched regulatory value loaded; No product-specific value loaded in this crosswalk.",CONTEXT ONLY: not a locked HMTc standards row,"Keep this row visible for source routing and exposure context; do not compute an HMTc p90 unless it is promoted into the locked row architecture.",,,,,,Product scope: bridge_context.
infant-formula-concentrated-liquid-soy-based,"Infant Formula, Concentrated Liquid (Soy-Based)",bridge_context,draft,Cd,2,15,2,"prepared_for_feeding; as_consumed",bridge_product_context,1,1,0,0,0,0,0,0,0,,"none_loaded: no numeric value; no matched regulatory value loaded; No product-specific value loaded in this crosswalk.",CONTEXT ONLY: not a locked HMTc standards row,"Keep this row visible for source routing and exposure context; do not compute an HMTc p90 unless it is promoted into the locked row architecture.",,,,,,Product scope: bridge_context.
infant-formula-concentrated-liquid-soy-based,"Infant Formula, Concentrated Liquid (Soy-Based)",bridge_context,draft,tAs,1,3,1,prepared_for_feeding,bridge_product_context,1,0,0,0,0,0,0,0,0,,"none_loaded: no numeric value; no matched regulatory value loaded; No product-specific value loaded in this crosswalk.",CONTEXT ONLY: not a locked HMTc standards row,"Keep this row visible for source routing and exposure context; do not compute an HMTc p90 unless it is promoted into the locked row architecture.",,,,,,Product scope: bridge_context.
infant-formula-concentrated-liquid-soy-based,"Infant Formula, Concentrated Liquid (Soy-Based)",bridge_context,draft,tHg,1,3,1,prepared_for_feeding,bridge_product_context,1,0,0,0,0,0,0,0,0,,"none_loaded: no numeric value; no matched regulatory value loaded; No product-specific value loaded in this crosswalk.",CONTEXT ONLY: not a locked HMTc standards row,"Keep this row visible for source routing and exposure context; do not compute an HMTc p90 unless it is promoted into the locked row architecture.",,,,,,Product scope: bridge_context.
infant-formula-concentrated-liquid-soy-based,"Infant Formula, Concentrated Liquid (Soy-Based)",bridge_context,draft,Al,1,12,1,as_consumed,bridge_product_context,0,1,0,0,0,0,0,0,0,,No regulatory reference value loaded.,CONTEXT ONLY: not a locked HMTc standards row,"Keep this row visible for source routing and exposure context; do not compute an HMTc p90 unless it is promoted into the locked row architecture.",,,,,,Product scope: bridge_context.
infant-formula-powder,Infant Formula Powder,base_context,draft,Pb,0,0,0,,,0,0,0,0,0,3,0,0,0,,No regulatory reference value loaded.,CONTEXT ONLY: not a locked HMTc standards row,"Keep this row visible for source routing and exposure context; do not compute an HMTc p90 unless it is promoted into the locked row architecture.",,,,,,Product scope: base_context.
infant-formula-powder,Infant Formula Powder,base_context,draft,Cd,0,0,0,,,0,0,0,0,0,3,0,0,0,,No regulatory reference value loaded.,CONTEXT ONLY: not a locked HMTc standards row,"Keep this row visible for source routing and exposure context; do not compute an HMTc p90 unless it is promoted into the locked row architecture.",,,,,,Product scope: base_context.
infant-formula-powder,Infant Formula Powder,base_context,draft,tAs,0,0,0,,,0,0,0,0,0,1,0,0,0,,No regulatory reference value loaded.,CONTEXT ONLY: not a locked HMTc standards row,"Keep this row visible for source routing and exposure context; do not compute an HMTc p90 unless it is promoted into the locked row architecture.",,,,,,Product scope: base_context.
infant-formula-powder,Infant Formula Powder,base_context,draft,iAs,0,0,0,,,0,0,0,0,0,0,0,0,0,,No regulatory reference value loaded.,CONTEXT ONLY: not a locked HMTc standards row,"Keep this row visible for source routing and exposure context; do not compute an HMTc p90 unless it is promoted into the locked row architecture.",,,,,,Product scope: base_context.
infant-formula-powder,Infant Formula Powder,base_context,draft,tHg,0,0,0,,,0,0,0,0,0,0,0,0,0,,No regulatory reference value loaded.,CONTEXT ONLY: not a locked HMTc standards row,"Keep this row visible for source routing and exposure context; do not compute an HMTc p90 unless it is promoted into the locked row architecture.",,,,,,Product scope: base_context.
infant-formula-powder,Infant Formula Powder,base_context,draft,MeHg,0,0,0,,,0,0,0,0,0,0,0,0,0,,No regulatory reference value loaded.,CONTEXT ONLY: not a locked HMTc standards row,"Keep this row visible for source routing and exposure context; do not compute an HMTc p90 unless it is promoted into the locked row architecture.",,,,,,Product scope: base_context.
infant-formula-powder,Infant Formula Powder,base_context,draft,Al,0,0,0,,,0,0,0,0,0,1,0,0,0,,No regulatory reference value loaded.,CONTEXT ONLY: not a locked HMTc standards row,"Keep this row visible for source routing and exposure context; do not compute an HMTc p90 unless it is promoted into the locked row architecture.",,,,,,Product scope: base_context.
infant-formula-powder,Infant Formula Powder,base_context,draft,Ni,0,0,0,,,0,0,0,0,0,3,0,0,0,,No regulatory reference value loaded.,CONTEXT ONLY: not a locked HMTc standards row,"Keep this row visible for source routing and exposure context; do not compute an HMTc p90 unless it is promoted into the locked row architecture.",,,,,,Product scope: base_context.
infant-formula-powder,Infant Formula Powder,base_context,draft,Sn,0,0,0,,,0,0,0,0,0,1,0,0,0,,No regulatory reference value loaded.,CONTEXT ONLY: not a locked HMTc standards row,"Keep this row visible for source routing and exposure context; do not compute an HMTc p90 unless it is promoted into the locked row architecture.",,,,,,Product scope: base_context.
infant-formula-powder,Infant Formula Powder,base_context,draft,Cr-VI,0,0,0,,,0,0,0,0,0,0,0,0,0,,No regulatory reference value loaded.,CONTEXT ONLY: not a locked HMTc standards row,"Keep this row visible for source routing and exposure context; do not compute an HMTc p90 unless it is promoted into the locked row architecture.",,,,,,Product scope: base_context.
infant-formula-powder-amino-acid-based-out-of-scope,Infant Formula Powder Amino Acid Based Out Of Scope,not_locked_hmtc_row,,Pb,1,10,1,prepared_for_feeding,outside_locked_category1_rows,1,0,0,0,0,0,0,0,0,,No regulatory reference value loaded.,OUT OF SCOPE: not a locked HMTc standards row,"Keep this row visible for source routing and exposure context; do not compute an HMTc p90 unless it is promoted into the locked row architecture.",,,,,,Product scope: not_locked_hmtc_row.
infant-formula-powder-amino-acid-based-out-of-scope,Infant Formula Powder Amino Acid Based Out Of Scope,not_locked_hmtc_row,,Cd,1,10,1,prepared_for_feeding,outside_locked_category1_rows,1,0,0,0,0,0,0,0,0,,No regulatory reference value loaded.,OUT OF SCOPE: not a locked HMTc standards row,"Keep this row visible for source routing and exposure context; do not compute an HMTc p90 unless it is promoted into the locked row architecture.",,,,,,Product scope: not_locked_hmtc_row.
infant-formula-powder-amino-acid-based-out-of-scope,Infant Formula Powder Amino Acid Based Out Of Scope,not_locked_hmtc_row,,tAs,1,10,1,prepared_for_feeding,outside_locked_category1_rows,1,0,0,0,0,0,0,0,0,,No regulatory reference value loaded.,OUT OF SCOPE: not a locked HMTc standards row,"Keep this row visible for source routing and exposure context; do not compute an HMTc p90 unless it is promoted into the locked row architecture.",,,,,,Product scope: not_locked_hmtc_row.
infant-formula-powder-amino-acid-based-out-of-scope,Infant Formula Powder Amino Acid Based Out Of Scope,not_locked_hmtc_row,,tHg,1,10,1,prepared_for_feeding,outside_locked_category1_rows,1,0,0,0,0,0,0,0,0,,No regulatory reference value loaded.,OUT OF SCOPE: not a locked HMTc standards row,"Keep this row visible for source routing and exposure context; do not compute an HMTc p90 unless it is promoted into the locked row architecture.",,,,,,Product scope: not_locked_hmtc_row.
infant-formula-powder-non-soy,"Infant formula, powder (non-soy)",locked_hmtc_row,published,Pb,6,300,21,"prepared_for_feeding; as_consumed; as_sold_or_source_reported; as_sold","direct_category1_row; literature_summary_row",1,5,0,0,0,0,0,0,0,,"eu2023_pb_formula_powder_20: 20 ug/kg; maximum level; infant formula powder placed on the market",DO NOT PUBLISH P90: single distribution-capable source,"Aggregate HMTc p90 needs multiple fit sources, not one source-reported or reconstructed distribution.",,,,,,"A single source can remain loaded evidence, but it is not the HMTc aggregate."
infant-formula-powder-non-soy,"Infant formula, powder (non-soy)",locked_hmtc_row,published,Cd,7,317,22,"prepared_for_feeding; as_consumed; as_sold_or_source_reported; as_sold","direct_category1_row; literature_summary_row",1,6,0,0,0,0,0,0,0,,"eu2023_cd_formula_cow_powder_10: 10 ug/kg; maximum level; infant formula powder manufactured from cow's milk proteins or hydrolysates",DO NOT PUBLISH P90: single distribution-capable source,"Aggregate HMTc p90 needs multiple fit sources, not one source-reported or reconstructed distribution.",,,,,,"A single source can remain loaded evidence, but it is not the HMTc aggregate."
infant-formula-powder-non-soy,"Infant formula, powder (non-soy)",locked_hmtc_row,published,tAs,3,230,17,"prepared_for_feeding; as_sold_or_source_reported; as_sold","direct_category1_row; literature_summary_row",1,2,0,0,0,0,0,0,0,,No regulatory reference value loaded.,DO NOT PUBLISH P90: single distribution-capable source,"Aggregate HMTc p90 needs multiple fit sources, not one source-reported or reconstructed distribution.",,,,,,"A single source can remain loaded evidence, but it is not the HMTc aggregate."
infant-formula-powder-non-soy,"Infant formula, powder (non-soy)",locked_hmtc_row,published,iAs,1,0,6,as_sold,literature_summary_row,0,1,0,0,0,0,0,0,0,,"eu2023_ias_formula_powder_20: 20 ug/kg; maximum level; infant formula powder placed on the market",BLOCKED: summary evidence only,"Loaded rows support N/mean/median/max context, but aggregate p90 needs sample-level values or explicitly reported percentiles from fit sources.",,,,,,Do not invent p50/p90/p95 from ranges or means.
infant-formula-powder-non-soy,"Infant formula, powder (non-soy)",locked_hmtc_row,published,tHg,4,230,19,"prepared_for_feeding; as_sold_or_source_reported; as_sold","direct_category1_row; literature_summary_row",1,1,0,0,0,0,0,0,0,,No regulatory reference value loaded.,DO NOT PUBLISH P90: single distribution-capable source,"Aggregate HMTc p90 needs multiple fit sources, not one source-reported or reconstructed distribution.",,,,,,"A single source can remain loaded evidence, but it is not the HMTc aggregate."
infant-formula-powder-non-soy,"Infant formula, powder (non-soy)",locked_hmtc_row,published,MeHg,0,0,0,,,0,0,0,0,0,0,0,0,0,,No regulatory reference value loaded.,BLOCKED: species-specific evidence missing,"Load MeHg rows for this product; related total-species rows cannot substitute.",,,,,,Total/speciated analytes are intentionally separated before HMTc standards math.
infant-formula-powder-non-soy,"Infant formula, powder (non-soy)",locked_hmtc_row,published,Al,6,95,20,"as_consumed; as_sold_or_source_reported; as_sold; prepared_for_feeding","literature_summary_row; direct_category1_row",0,6,0,0,0,0,0,0,0,,No regulatory reference value loaded.,BLOCKED: summary evidence only,"Loaded rows support N/mean/median/max context, but aggregate p90 needs sample-level values or explicitly reported percentiles from fit sources.",,,,,,Do not invent p50/p90/p95 from ranges or means.
infant-formula-powder-non-soy,"Infant formula, powder (non-soy)",locked_hmtc_row,published,Ni,2,0,8,as_sold,literature_summary_row,0,1,0,0,0,0,0,0,0,,No regulatory reference value loaded.,BLOCKED: summary evidence only,"Loaded rows support N/mean/median/max context, but aggregate p90 needs sample-level values or explicitly reported percentiles from fit sources.",,,,,,Do not invent p50/p90/p95 from ranges or means.
infant-formula-powder-non-soy,"Infant formula, powder (non-soy)",locked_hmtc_row,published,Sn,2,0,16,"as_sold_or_source_reported; as_sold",literature_summary_row,0,2,0,0,0,0,0,0,0,,No regulatory reference value loaded.,BLOCKED: summary evidence only,"Loaded rows support N/mean/median/max context, but aggregate p90 needs sample-level values or explicitly reported percentiles from fit sources.",,,,,,Do not invent p50/p90/p95 from ranges or means.
infant-formula-powder-non-soy,"Infant formula, powder (non-soy)",locked_hmtc_row,published,Cr-VI,0,0,0,,,0,0,0,0,0,0,0,0,0,,No regulatory reference value loaded.,BLOCKED: no structured evidence loaded,Add or route fit-source product evidence before any HMTc p90 decision.,,,,,,
infant-formula-powder-non-soy,"Infant formula, powder (non-soy)",locked_hmtc_row,published,Ca,1,0,2,as_sold,literature_summary_row,0,1,0,0,0,0,0,0,0,,No regulatory reference value loaded.,BLOCKED: summary evidence only,"Loaded rows support N/mean/median/max context, but aggregate p90 needs sample-level values or explicitly reported percentiles from fit sources.",,,,,,Do not invent p50/p90/p95 from ranges or means.
infant-formula-powder-non-soy,"Infant formula, powder (non-soy)",locked_hmtc_row,published,Cr-total,1,0,6,as_sold,literature_summary_row,0,1,0,0,0,0,0,0,0,,No regulatory reference value loaded.,BLOCKED: summary evidence only,"Loaded rows support N/mean/median/max context, but aggregate p90 needs sample-level values or explicitly reported percentiles from fit sources.",,,,,,Do not invent p50/p90/p95 from ranges or means.
infant-formula-powder-non-soy,"Infant formula, powder (non-soy)",locked_hmtc_row,published,Cu,2,0,8,as_sold,literature_summary_row,0,2,0,0,0,0,0,0,0,,No regulatory reference value loaded.,BLOCKED: summary evidence only,"Loaded rows support N/mean/median/max context, but aggregate p90 needs sample-level values or explicitly reported percentiles from fit sources.",,,,,,Do not invent p50/p90/p95 from ranges or means.
infant-formula-powder-non-soy,"Infant formula, powder (non-soy)",locked_hmtc_row,published,Fe,2,0,8,as_sold,literature_summary_row,0,2,0,0,0,0,0,0,0,,No regulatory reference value loaded.,BLOCKED: summary evidence only,"Loaded rows support N/mean/median/max context, but aggregate p90 needs sample-level values or explicitly reported percentiles from fit sources.",,,,,,Do not invent p50/p90/p95 from ranges or means.
infant-formula-powder-non-soy,"Infant formula, powder (non-soy)",locked_hmtc_row,published,I,1,0,6,as_sold,literature_summary_row,0,1,0,0,0,0,0,0,0,,No regulatory reference value loaded.,BLOCKED: summary evidence only,"Loaded rows support N/mean/median/max context, but aggregate p90 needs sample-level values or explicitly reported percentiles from fit sources.",,,,,,Do not invent p50/p90/p95 from ranges or means.
infant-formula-powder-non-soy,"Infant formula, powder (non-soy)",locked_hmtc_row,published,Mn,2,0,8,as_sold,literature_summary_row,0,2,0,0,0,0,0,0,0,,No regulatory reference value loaded.,BLOCKED: summary evidence only,"Loaded rows support N/mean/median/max context, but aggregate p90 needs sample-level values or explicitly reported percentiles from fit sources.",,,,,,Do not invent p50/p90/p95 from ranges or means.
infant-formula-powder-non-soy,"Infant formula, powder (non-soy)",locked_hmtc_row,published,Sb,1,0,6,as_sold,literature_summary_row,0,0,0,0,0,0,0,0,0,,No regulatory reference value loaded.,BLOCKED: evidence fitness review needed,Review loaded rows and pending sources before HMTc p90 math.,,,,,,Loaded source count: 1.
infant-formula-powder-non-soy,"Infant formula, powder (non-soy)",locked_hmtc_row,published,Se,2,0,8,as_sold,literature_summary_row,0,2,0,0,0,0,0,0,0,,No regulatory reference value loaded.,BLOCKED: summary evidence only,"Loaded rows support N/mean/median/max context, but aggregate p90 needs sample-level values or explicitly reported percentiles from fit sources.",,,,,,Do not invent p50/p90/p95 from ranges or means.
infant-formula-powder-non-soy,"Infant formula, powder (non-soy)",locked_hmtc_row,published,U,1,0,10,as_sold_or_source_reported,literature_summary_row,0,1,0,0,0,0,0,0,0,,No regulatory reference value loaded.,BLOCKED: summary evidence only,"Loaded rows support N/mean/median/max context, but aggregate p90 needs sample-level values or explicitly reported percentiles from fit sources.",,,,,,Do not invent p50/p90/p95 from ranges or means.
infant-formula-powder-non-soy,"Infant formula, powder (non-soy)",locked_hmtc_row,published,Zn,2,0,8,as_sold,literature_summary_row,0,2,0,0,0,0,0,0,0,,No regulatory reference value loaded.,BLOCKED: summary evidence only,"Loaded rows support N/mean/median/max context, but aggregate p90 needs sample-level values or explicitly reported percentiles from fit sources.",,,,,,Do not invent p50/p90/p95 from ranges or means.
infant-formula-powder-soy-based,"Infant formula, powder (soy-based)",locked_hmtc_row,published,Pb,5,57,6,"prepared_for_feeding; as_consumed; as_sold_or_source_reported; as_sold","direct_category1_row; literature_summary_row",1,3,0,0,0,0,0,0,0,,"eu2023_pb_formula_powder_20: 20 ug/kg; maximum level; infant formula powder placed on the market",DO NOT PUBLISH P90: single distribution-capable source,"Aggregate HMTc p90 needs multiple fit sources, not one source-reported or reconstructed distribution.",,,,,,"A single source can remain loaded evidence, but it is not the HMTc aggregate."
infant-formula-powder-soy-based,"Infant formula, powder (soy-based)",locked_hmtc_row,published,Cd,6,72,7,"prepared_for_feeding; as_consumed; as_sold_or_source_reported; as_sold","direct_category1_row; literature_summary_row",1,5,0,0,0,0,0,0,0,,"eu2023_cd_formula_soy_powder_20: 20 ug/kg; maximum level; infant formula powder manufactured from soy protein isolates alone or mixed with cow's milk proteins",DO NOT PUBLISH P90: single distribution-capable source,"Aggregate HMTc p90 needs multiple fit sources, not one source-reported or reconstructed distribution.",,,,,,"A single source can remain loaded evidence, but it is not the HMTc aggregate."
infant-formula-powder-soy-based,"Infant formula, powder (soy-based)",locked_hmtc_row,published,tAs,2,38,2,"prepared_for_feeding; as_sold","direct_category1_row; literature_summary_row",1,1,0,0,0,0,0,0,0,,No regulatory reference value loaded.,DO NOT PUBLISH P90: single distribution-capable source,"Aggregate HMTc p90 needs multiple fit sources, not one source-reported or reconstructed distribution.",,,,,,"A single source can remain loaded evidence, but it is not the HMTc aggregate."
infant-formula-powder-soy-based,"Infant formula, powder (soy-based)",locked_hmtc_row,published,iAs,1,0,1,as_sold,literature_summary_row,0,1,0,0,0,0,0,0,0,,"eu2023_ias_formula_powder_20: 20 ug/kg; maximum level; infant formula powder placed on the market",BLOCKED: summary evidence only,"Loaded rows support N/mean/median/max context, but aggregate p90 needs sample-level values or explicitly reported percentiles from fit sources.",,,,,,Do not invent p50/p90/p95 from ranges or means.
infant-formula-powder-soy-based,"Infant formula, powder (soy-based)",locked_hmtc_row,published,tHg,3,38,4,"prepared_for_feeding; as_sold","direct_category1_row; literature_summary_row",1,1,0,0,0,0,0,0,0,,No regulatory reference value loaded.,DO NOT PUBLISH P90: single distribution-capable source,"Aggregate HMTc p90 needs multiple fit sources, not one source-reported or reconstructed distribution.",,,,,,"A single source can remain loaded evidence, but it is not the HMTc aggregate."
infant-formula-powder-soy-based,"Infant formula, powder (soy-based)",locked_hmtc_row,published,Al,5,22,5,"as_consumed; as_sold_or_source_reported; as_sold",literature_summary_row,0,5,0,0,0,0,0,0,0,,No regulatory reference value loaded.,BLOCKED: summary evidence only,"Loaded rows support N/mean/median/max context, but aggregate p90 needs sample-level values or explicitly reported percentiles from fit sources.",,,,,,Do not invent p50/p90/p95 from ranges or means.
infant-formula-powder-soy-based,"Infant formula, powder (soy-based)",locked_hmtc_row,published,Ni,2,0,3,as_sold,literature_summary_row,0,2,0,0,0,0,0,0,0,,No regulatory reference value loaded.,BLOCKED: summary evidence only,"Loaded rows support N/mean/median/max context, but aggregate p90 needs sample-level values or explicitly reported percentiles from fit sources.",,,,,,Do not invent p50/p90/p95 from ranges or means.
infant-formula-powder-soy-based,"Infant formula, powder (soy-based)",locked_hmtc_row,published,Sn,1,0,1,as_sold,literature_summary_row,0,0,0,0,0,0,0,0,0,,No regulatory reference value loaded.,BLOCKED: evidence fitness review needed,Review loaded rows and pending sources before HMTc p90 math.,,,,,,Loaded source count: 1.
infant-formula-powder-soy-based,"Infant formula, powder (soy-based)",locked_hmtc_row,published,Ca,1,0,2,as_sold,literature_summary_row,0,1,0,0,0,0,0,0,0,,No regulatory reference value loaded.,BLOCKED: summary evidence only,"Loaded rows support N/mean/median/max context, but aggregate p90 needs sample-level values or explicitly reported percentiles from fit sources.",,,,,,Do not invent p50/p90/p95 from ranges or means.
infant-formula-powder-soy-based,"Infant formula, powder (soy-based)",locked_hmtc_row,published,Cr-total,1,0,1,as_sold,literature_summary_row,0,0,0,0,0,0,0,0,0,,No regulatory reference value loaded.,BLOCKED: evidence fitness review needed,Review loaded rows and pending sources before HMTc p90 math.,,,,,,Loaded source count: 1.
infant-formula-powder-soy-based,"Infant formula, powder (soy-based)",locked_hmtc_row,published,Cu,2,0,3,as_sold,literature_summary_row,0,2,0,0,0,0,0,0,0,,No regulatory reference value loaded.,BLOCKED: summary evidence only,"Loaded rows support N/mean/median/max context, but aggregate p90 needs sample-level values or explicitly reported percentiles from fit sources.",,,,,,Do not invent p50/p90/p95 from ranges or means.
infant-formula-powder-soy-based,"Infant formula, powder (soy-based)",locked_hmtc_row,published,Fe,2,0,3,as_sold,literature_summary_row,0,2,0,0,0,0,0,0,0,,No regulatory reference value loaded.,BLOCKED: summary evidence only,"Loaded rows support N/mean/median/max context, but aggregate p90 needs sample-level values or explicitly reported percentiles from fit sources.",,,,,,Do not invent p50/p90/p95 from ranges or means.
infant-formula-powder-soy-based,"Infant formula, powder (soy-based)",locked_hmtc_row,published,I,1,0,1,as_sold,literature_summary_row,0,1,0,0,0,0,0,0,0,,No regulatory reference value loaded.,BLOCKED: summary evidence only,"Loaded rows support N/mean/median/max context, but aggregate p90 needs sample-level values or explicitly reported percentiles from fit sources.",,,,,,Do not invent p50/p90/p95 from ranges or means.
infant-formula-powder-soy-based,"Infant formula, powder (soy-based)",locked_hmtc_row,published,Mn,2,0,3,as_sold,literature_summary_row,0,2,0,0,0,0,0,0,0,,No regulatory reference value loaded.,BLOCKED: summary evidence only,"Loaded rows support N/mean/median/max context, but aggregate p90 needs sample-level values or explicitly reported percentiles from fit sources.",,,,,,Do not invent p50/p90/p95 from ranges or means.
infant-formula-powder-soy-based,"Infant formula, powder (soy-based)",locked_hmtc_row,published,Sb,1,0,1,as_sold,literature_summary_row,0,0,0,0,0,0,0,0,0,,No regulatory reference value loaded.,BLOCKED: evidence fitness review needed,Review loaded rows and pending sources before HMTc p90 math.,,,,,,Loaded source count: 1.
infant-formula-powder-soy-based,"Infant formula, powder (soy-based)",locked_hmtc_row,published,Se,2,0,3,as_sold,literature_summary_row,0,2,0,0,0,0,0,0,0,,No regulatory reference value loaded.,BLOCKED: summary evidence only,"Loaded rows support N/mean/median/max context, but aggregate p90 needs sample-level values or explicitly reported percentiles from fit sources.",,,,,,Do not invent p50/p90/p95 from ranges or means.
infant-formula-powder-soy-based,"Infant formula, powder (soy-based)",locked_hmtc_row,published,Zn,2,0,3,as_sold,literature_summary_row,0,2,0,0,0,0,0,0,0,,No regulatory reference value loaded.,BLOCKED: summary evidence only,"Loaded rows support N/mean/median/max context, but aggregate p90 needs sample-level values or explicitly reported percentiles from fit sources.",,,,,,Do not invent p50/p90/p95 from ranges or means.
infant-formula-rtf-liquid-non-soy,"Infant formula, RTF liquid (non-soy)",locked_hmtc_row,published,Pb,3,87,5,"prepared_for_feeding; as_consumed","direct_category1_row; literature_summary_row",1,1,0,0,0,0,0,0,0,,"eu2023_pb_formula_liquid_10: 10 ug/kg; maximum level; infant formula liquid placed on the market",DO NOT PUBLISH P90: single distribution-capable source,"Aggregate HMTc p90 needs multiple fit sources, not one source-reported or reconstructed distribution.",,,,,,"A single source can remain loaded evidence, but it is not the HMTc aggregate."
infant-formula-rtf-liquid-non-soy,"Infant formula, RTF liquid (non-soy)",locked_hmtc_row,published,Cd,4,100,6,"prepared_for_feeding; as_consumed","direct_category1_row; literature_summary_row",1,2,0,0,0,0,0,0,0,,"eu2023_cd_formula_cow_liquid_5: 5 ug/kg; maximum level; infant formula liquid manufactured from cow's milk proteins or hydrolysates",DO NOT PUBLISH P90: single distribution-capable source,"Aggregate HMTc p90 needs multiple fit sources, not one source-reported or reconstructed distribution.",,,,,,"A single source can remain loaded evidence, but it is not the HMTc aggregate."
infant-formula-rtf-liquid-non-soy,"Infant formula, RTF liquid (non-soy)",locked_hmtc_row,published,tAs,2,20,4,"prepared_for_feeding; as_consumed","direct_category1_row; literature_summary_row",1,0,0,0,0,0,0,0,0,,No regulatory reference value loaded.,DO NOT PUBLISH P90: single distribution-capable source,"Aggregate HMTc p90 needs multiple fit sources, not one source-reported or reconstructed distribution.",,,,,,"A single source can remain loaded evidence, but it is not the HMTc aggregate."
infant-formula-rtf-liquid-non-soy,"Infant formula, RTF liquid (non-soy)",locked_hmtc_row,published,iAs,1,0,3,as_consumed,literature_summary_row,0,0,0,0,0,0,0,0,0,,"eu2023_ias_formula_liquid_10: 10 ug/kg; maximum level; infant formula liquid placed on the market",BLOCKED: evidence fitness review needed,Review loaded rows and pending sources before HMTc p90 math.,,,,,,Loaded source count: 1.
infant-formula-rtf-liquid-non-soy,"Infant formula, RTF liquid (non-soy)",locked_hmtc_row,published,tHg,2,20,4,"prepared_for_feeding; as_consumed","direct_category1_row; literature_summary_row",1,0,0,0,0,0,0,0,0,,No regulatory reference value loaded.,DO NOT PUBLISH P90: single distribution-capable source,"Aggregate HMTc p90 needs multiple fit sources, not one source-reported or reconstructed distribution.",,,,,,"A single source can remain loaded evidence, but it is not the HMTc aggregate."
infant-formula-rtf-liquid-non-soy,"Infant formula, RTF liquid (non-soy)",locked_hmtc_row,published,Al,4,85,6,as_consumed,"literature_summary_row; direct_category1_row",0,3,0,0,0,0,0,0,0,,No regulatory reference value loaded.,BLOCKED: summary evidence only,"Loaded rows support N/mean/median/max context, but aggregate p90 needs sample-level values or explicitly reported percentiles from fit sources.",,,,,,Do not invent p50/p90/p95 from ranges or means.
infant-formula-rtf-liquid-non-soy,"Infant formula, RTF liquid (non-soy)",locked_hmtc_row,published,Ni,1,0,3,as_consumed,literature_summary_row,0,0,0,0,0,0,0,0,0,,No regulatory reference value loaded.,BLOCKED: evidence fitness review needed,Review loaded rows and pending sources before HMTc p90 math.,,,,,,Loaded source count: 1.
infant-formula-rtf-liquid-non-soy,"Infant formula, RTF liquid (non-soy)",locked_hmtc_row,published,Sn,1,0,3,as_consumed,literature_summary_row,0,0,0,0,0,0,0,0,0,,No regulatory reference value loaded.,BLOCKED: evidence fitness review needed,Review loaded rows and pending sources before HMTc p90 math.,,,,,,Loaded source count: 1.
infant-formula-rtf-liquid-non-soy,"Infant formula, RTF liquid (non-soy)",locked_hmtc_row,published,Cr-total,1,0,3,as_consumed,literature_summary_row,0,0,0,0,0,0,0,0,0,,No regulatory reference value loaded.,BLOCKED: evidence fitness review needed,Review loaded rows and pending sources before HMTc p90 math.,,,,,,Loaded source count: 1.
infant-formula-rtf-liquid-non-soy,"Infant formula, RTF liquid (non-soy)",locked_hmtc_row,published,Cu,1,0,3,as_consumed,literature_summary_row,0,1,0,0,0,0,0,0,0,,No regulatory reference value loaded.,BLOCKED: summary evidence only,"Loaded rows support N/mean/median/max context, but aggregate p90 needs sample-level values or explicitly reported percentiles from fit sources.",,,,,,Do not invent p50/p90/p95 from ranges or means.
infant-formula-rtf-liquid-non-soy,"Infant formula, RTF liquid (non-soy)",locked_hmtc_row,published,Fe,1,0,3,as_consumed,literature_summary_row,0,1,0,0,0,0,0,0,0,,No regulatory reference value loaded.,BLOCKED: summary evidence only,"Loaded rows support N/mean/median/max context, but aggregate p90 needs sample-level values or explicitly reported percentiles from fit sources.",,,,,,Do not invent p50/p90/p95 from ranges or means.
infant-formula-rtf-liquid-non-soy,"Infant formula, RTF liquid (non-soy)",locked_hmtc_row,published,I,1,0,3,as_consumed,literature_summary_row,0,1,0,0,0,0,0,0,0,,No regulatory reference value loaded.,BLOCKED: summary evidence only,"Loaded rows support N/mean/median/max context, but aggregate p90 needs sample-level values or explicitly reported percentiles from fit sources.",,,,,,Do not invent p50/p90/p95 from ranges or means.
infant-formula-rtf-liquid-non-soy,"Infant formula, RTF liquid (non-soy)",locked_hmtc_row,published,Mn,1,0,3,as_consumed,literature_summary_row,0,1,0,0,0,0,0,0,0,,No regulatory reference value loaded.,BLOCKED: summary evidence only,"Loaded rows support N/mean/median/max context, but aggregate p90 needs sample-level values or explicitly reported percentiles from fit sources.",,,,,,Do not invent p50/p90/p95 from ranges or means.
infant-formula-rtf-liquid-non-soy,"Infant formula, RTF liquid (non-soy)",locked_hmtc_row,published,Sb,1,0,3,as_consumed,literature_summary_row,0,0,0,0,0,0,0,0,0,,No regulatory reference value loaded.,BLOCKED: evidence fitness review needed,Review loaded rows and pending sources before HMTc p90 math.,,,,,,Loaded source count: 1.
infant-formula-rtf-liquid-non-soy,"Infant formula, RTF liquid (non-soy)",locked_hmtc_row,published,Se,1,0,3,as_consumed,literature_summary_row,0,1,0,0,0,0,0,0,0,,No regulatory reference value loaded.,BLOCKED: summary evidence only,"Loaded rows support N/mean/median/max context, but aggregate p90 needs sample-level values or explicitly reported percentiles from fit sources.",,,,,,Do not invent p50/p90/p95 from ranges or means.
infant-formula-rtf-liquid-non-soy,"Infant formula, RTF liquid (non-soy)",locked_hmtc_row,published,Zn,1,0,3,as_consumed,literature_summary_row,0,1,0,0,0,0,0,0,0,,No regulatory reference value loaded.,BLOCKED: summary evidence only,"Loaded rows support N/mean/median/max context, but aggregate p90 needs sample-level values or explicitly reported percentiles from fit sources.",,,,,,Do not invent p50/p90/p95 from ranges or means.
infant-formula-rtf-liquid-soy-based,"Infant formula, RTF liquid (soy-based)",locked_hmtc_row,published,Pb,2,17,2,"prepared_for_feeding; as_consumed","direct_category1_row; literature_summary_row",1,1,0,0,0,0,0,0,0,,"eu2023_pb_formula_liquid_10: 10 ug/kg; maximum level; infant formula liquid placed on the market",DO NOT PUBLISH P90: single distribution-capable source,"Aggregate HMTc p90 needs multiple fit sources, not one source-reported or reconstructed distribution.",,,,,,"A single source can remain loaded evidence, but it is not the HMTc aggregate."
infant-formula-rtf-liquid-soy-based,"Infant formula, RTF liquid (soy-based)",locked_hmtc_row,published,Cd,3,33,3,"prepared_for_feeding; as_consumed","direct_category1_row; literature_summary_row",1,2,0,0,0,0,0,0,0,,"eu2023_cd_formula_soy_liquid_10: 10 ug/kg; maximum level; infant formula liquid manufactured from soy protein isolates alone or mixed with cow's milk proteins",DO NOT PUBLISH P90: single distribution-capable source,"Aggregate HMTc p90 needs multiple fit sources, not one source-reported or reconstructed distribution.",,,,,,"A single source can remain loaded evidence, but it is not the HMTc aggregate."
infant-formula-rtf-liquid-soy-based,"Infant formula, RTF liquid (soy-based)",locked_hmtc_row,published,tAs,1,3,1,prepared_for_feeding,direct_category1_row,1,0,0,0,0,0,0,0,0,,No regulatory reference value loaded.,DO NOT PUBLISH P90: single distribution-capable source,"Aggregate HMTc p90 needs multiple fit sources, not one source-reported or reconstructed distribution.",,,,,,"A single source can remain loaded evidence, but it is not the HMTc aggregate."
infant-formula-rtf-liquid-soy-based,"Infant formula, RTF liquid (soy-based)",locked_hmtc_row,published,iAs,0,0,0,,,0,0,0,0,0,0,0,0,0,,"eu2023_ias_formula_liquid_10: 10 ug/kg; maximum level; infant formula liquid placed on the market",BLOCKED: species-specific evidence missing,"Load iAs rows for this product; related total-species rows cannot substitute.",,,,,,Total/speciated analytes are intentionally separated before HMTc standards math.
infant-formula-rtf-liquid-soy-based,"Infant formula, RTF liquid (soy-based)",locked_hmtc_row,published,tHg,1,3,1,prepared_for_feeding,direct_category1_row,1,0,0,0,0,0,0,0,0,,No regulatory reference value loaded.,DO NOT PUBLISH P90: single distribution-capable source,"Aggregate HMTc p90 needs multiple fit sources, not one source-reported or reconstructed distribution.",,,,,,"A single source can remain loaded evidence, but it is not the HMTc aggregate."
infant-formula-rtf-liquid-soy-based,"Infant formula, RTF liquid (soy-based)",locked_hmtc_row,published,Al,1,14,1,as_consumed,literature_summary_row,0,1,0,0,0,0,0,0,0,,No regulatory reference value loaded.,BLOCKED: summary evidence only,"Loaded rows support N/mean/median/max context, but aggregate p90 needs sample-level values or explicitly reported percentiles from fit sources.",,,,,,Do not invent p50/p90/p95 from ranges or means.
infant-formula-rtf-liquid-soy-based,"Infant formula, RTF liquid (soy-based)",locked_hmtc_row,published,Ni,0,0,0,,,0,0,0,0,0,0,0,0,0,,No regulatory reference value loaded.,BLOCKED: no structured evidence loaded,Add or route fit-source product evidence before any HMTc p90 decision.,,,,,,
kombucha-tea-based,Kombucha (tea-based),locked_hmtc_row,draft,Pb,0,0,0,,,0,0,0,0,0,0,0,0,0,,No regulatory reference value loaded.,BLOCKED: no structured evidence loaded,Add or route fit-source product evidence before any HMTc p90 decision.,,,,,,
kombucha-tea-based,Kombucha (tea-based),locked_hmtc_row,draft,Cd,0,0,0,,,0,0,0,0,0,0,0,0,0,,No regulatory reference value loaded.,BLOCKED: no structured evidence loaded,Add or route fit-source product evidence before any HMTc p90 decision.,,,,,,
kombucha-tea-based,Kombucha (tea-based),locked_hmtc_row,draft,Al,0,0,0,,,0,0,0,0,0,0,0,0,0,,No regulatory reference value loaded.,BLOCKED: no structured evidence loaded,Add or route fit-source product evidence before any HMTc p90 decision.,,,,,,
matcha,Matcha,locked_hmtc_row,draft,Pb,0,0,0,,,0,0,0,0,0,0,0,0,0,,No regulatory reference value loaded.,BLOCKED: no structured evidence loaded,Add or route fit-source product evidence before any HMTc p90 decision.,,,,,,
matcha,Matcha,locked_hmtc_row,draft,Cd,0,0,0,,,0,0,0,0,0,0,0,0,0,,No regulatory reference value loaded.,BLOCKED: no structured evidence loaded,Add or route fit-source product evidence before any HMTc p90 decision.,,,,,,
matcha,Matcha,locked_hmtc_row,draft,Al,0,0,0,,,0,0,0,0,0,0,0,0,0,,No regulatory reference value loaded.,BLOCKED: no structured evidence loaded,Add or route fit-source product evidence before any HMTc p90 decision.,,,,,,
meat-and-poultry-purees,Meat and poultry purees,locked_hmtc_row,published,Pb,1,4,1,wet_weight,direct_category1_row,0,1,0,0,0,0,1,1,0,,"fda2025_pb_baby_food_10: 10 ug/kg; final guidance action level; fruits; vegetables excluding single-ingredient root vegetables; mixtures including grain- and meat-based mixtures; yogurts; custards/puddings; single-ingredient meats for children under 2 | eu2023_pb_babyfood_cereal_20: 20 ug/kg; maximum level; baby food for infants and young children",BLOCKED: summary evidence only,"Loaded rows support N/mean/median/max context, but aggregate p90 needs sample-level values or explicitly reported percentiles from fit sources.",,meli2024-chemical-characterization-baby-food-italy,collado-lopez2025-heavy-metals-baby-food-formula,,,Do not invent p50/p90/p95 from ranges or means.
meat-and-poultry-purees,Meat and poultry purees,locked_hmtc_row,published,Cd,1,4,1,wet_weight,direct_category1_row,0,1,0,0,0,0,1,1,0,,"eu2023_cd_babyfood_cereal_40: 40 ug/kg; maximum level; baby food for infants and young children",BLOCKED: summary evidence only,"Loaded rows support N/mean/median/max context, but aggregate p90 needs sample-level values or explicitly reported percentiles from fit sources.",,meli2024-chemical-characterization-baby-food-italy,collado-lopez2025-heavy-metals-baby-food-formula,,,Do not invent p50/p90/p95 from ranges or means.
mixed-meals-non-rice,"Mixed meals, non-rice",locked_hmtc_row,published,Pb,1,78,1,as_sold,name_split_category1_row,1,0,0,0,0,0,0,1,0,,"fda2025_pb_baby_food_10: 10 ug/kg; final guidance action level; fruits; vegetables excluding single-ingredient root vegetables; mixtures including grain- and meat-based mixtures; yogurts; custards/puddings; single-ingredient meats for children under 2 | eu2023_pb_babyfood_cereal_20: 20 ug/kg; maximum level; baby food for infants and young children",DO NOT PUBLISH P90: single distribution-capable source,"Aggregate HMTc p90 needs multiple fit sources, not one source-reported or reconstructed distribution.",,,collado-lopez2025-heavy-metals-baby-food-formula,,,"A single source can remain loaded evidence, but it is not the HMTc aggregate."
mixed-meals-non-rice,"Mixed meals, non-rice",locked_hmtc_row,published,Cd,1,77,1,as_sold,name_split_category1_row,1,0,0,0,0,0,1,0,0,,"eu2023_cd_babyfood_cereal_40: 40 ug/kg; maximum level; baby food for infants and young children",DO NOT PUBLISH P90: single distribution-capable source,"Aggregate HMTc p90 needs multiple fit sources, not one source-reported or reconstructed distribution.",,collado-lopez2025-heavy-metals-baby-food-formula,,,,"A single source can remain loaded evidence, but it is not the HMTc aggregate."
mixed-meals-non-rice,"Mixed meals, non-rice",locked_hmtc_row,published,tAs,1,77,1,as_sold,name_split_category1_row,1,0,0,0,0,0,0,1,0,,No regulatory reference value loaded.,DO NOT PUBLISH P90: single distribution-capable source,"Aggregate HMTc p90 needs multiple fit sources, not one source-reported or reconstructed distribution.",,,collado-lopez2025-heavy-metals-baby-food-formula,,,"A single source can remain loaded evidence, but it is not the HMTc aggregate."
mixed-meals-non-rice,"Mixed meals, non-rice",locked_hmtc_row,published,iAs,0,0,0,,,0,0,0,0,0,0,0,0,0,,No regulatory reference value loaded.,BLOCKED: species-specific evidence missing,"Load iAs rows for this product; related total-species rows cannot substitute.",,,,,,Total/speciated analytes are intentionally separated before HMTc standards math.
mixed-meals-non-rice,"Mixed meals, non-rice",locked_hmtc_row,published,tHg,1,36,1,as_sold,name_split_category1_row,1,0,0,0,0,0,0,1,0,,No regulatory reference value loaded.,DO NOT PUBLISH P90: single distribution-capable source,"Aggregate HMTc p90 needs multiple fit sources, not one source-reported or reconstructed distribution.",,,collado-lopez2025-heavy-metals-baby-food-formula,,,"A single source can remain loaded evidence, but it is not the HMTc aggregate."
mixed-meals-rice-containing,"Mixed meals, rice-containing",locked_hmtc_row,published,Pb,1,9,1,as_sold,name_split_category1_row,1,0,0,0,0,0,1,0,0,,"fda2025_pb_baby_food_10: 10 ug/kg; final guidance action level; fruits; vegetables excluding single-ingredient root vegetables; mixtures including grain- and meat-based mixtures; yogurts; custards/puddings; single-ingredient meats for children under 2 | eu2023_pb_babyfood_cereal_20: 20 ug/kg; maximum level; baby food for infants and young children",DO NOT PUBLISH P90: single distribution-capable source,"Aggregate HMTc p90 needs multiple fit sources, not one source-reported or reconstructed distribution.",,collado-lopez2025-heavy-metals-baby-food-formula,,,,"A single source can remain loaded evidence, but it is not the HMTc aggregate."
mixed-meals-rice-containing,"Mixed meals, rice-containing",locked_hmtc_row,published,Cd,1,9,1,as_sold,name_split_category1_row,1,0,0,0,0,0,1,0,0,,"eu2023_cd_babyfood_cereal_40: 40 ug/kg; maximum level; baby food for infants and young children",DO NOT PUBLISH P90: single distribution-capable source,"Aggregate HMTc p90 needs multiple fit sources, not one source-reported or reconstructed distribution.",,collado-lopez2025-heavy-metals-baby-food-formula,,,,"A single source can remain loaded evidence, but it is not the HMTc aggregate."
mixed-meals-rice-containing,"Mixed meals, rice-containing",locked_hmtc_row,published,tAs,1,9,1,as_sold,name_split_category1_row,1,0,0,0,0,0,1,0,0,,No regulatory reference value loaded.,DO NOT PUBLISH P90: single distribution-capable source,"Aggregate HMTc p90 needs multiple fit sources, not one source-reported or reconstructed distribution.",,collado-lopez2025-heavy-metals-baby-food-formula,,,,"A single source can remain loaded evidence, but it is not the HMTc aggregate."
mixed-meals-rice-containing,"Mixed meals, rice-containing",locked_hmtc_row,published,iAs,0,0,0,,,0,0,0,0,0,0,0,0,0,,No regulatory reference value loaded.,BLOCKED: species-specific evidence missing,"Load iAs rows for this product; related total-species rows cannot substitute.",,,,,,Total/speciated analytes are intentionally separated before HMTc standards math.
mixed-meals-rice-containing,"Mixed meals, rice-containing",locked_hmtc_row,published,tHg,1,3,1,as_sold,name_split_category1_row,1,0,0,0,0,0,0,1,0,,No regulatory reference value loaded.,DO NOT PUBLISH P90: single distribution-capable source,"Aggregate HMTc p90 needs multiple fit sources, not one source-reported or reconstructed distribution.",,,collado-lopez2025-heavy-metals-baby-food-formula,,,"A single source can remain loaded evidence, but it is not the HMTc aggregate."
non-root-vegetable-purees,Non-root vegetable purees,locked_hmtc_row,published,Pb,1,29,1,as_sold,name_split_category1_row,1,0,0,0,0,0,1,1,0,,"fda2025_pb_baby_food_10: 10 ug/kg; final guidance action level; fruits; vegetables excluding single-ingredient root vegetables; mixtures including grain- and meat-based mixtures; yogurts; custards/puddings; single-ingredient meats for children under 2 | eu2023_pb_babyfood_cereal_20: 20 ug/kg; maximum level; baby food for infants and young children",DO NOT PUBLISH P90: single distribution-capable source,"Aggregate HMTc p90 needs multiple fit sources, not one source-reported or reconstructed distribution.",,parker2022-baby-food-arsenic-cadmium-lead-mercury-risk,collado-lopez2025-heavy-metals-baby-food-formula,,,"A single source can remain loaded evidence, but it is not the HMTc aggregate."
non-root-vegetable-purees,Non-root vegetable purees,locked_hmtc_row,published,Cd,1,22,1,as_sold,name_split_category1_row,1,0,0,0,0,0,1,1,0,,"eu2023_cd_babyfood_cereal_40: 40 ug/kg; maximum level; baby food for infants and young children",DO NOT PUBLISH P90: single distribution-capable source,"Aggregate HMTc p90 needs multiple fit sources, not one source-reported or reconstructed distribution.",,parker2022-baby-food-arsenic-cadmium-lead-mercury-risk,collado-lopez2025-heavy-metals-baby-food-formula,,,"A single source can remain loaded evidence, but it is not the HMTc aggregate."
non-root-vegetable-purees,Non-root vegetable purees,locked_hmtc_row,published,tAs,1,20,1,as_sold,name_split_category1_row,1,0,0,0,0,0,1,1,0,,No regulatory reference value loaded.,DO NOT PUBLISH P90: single distribution-capable source,"Aggregate HMTc p90 needs multiple fit sources, not one source-reported or reconstructed distribution.",,parker2022-baby-food-arsenic-cadmium-lead-mercury-risk,collado-lopez2025-heavy-metals-baby-food-formula,,,"A single source can remain loaded evidence, but it is not the HMTc aggregate."
non-root-vegetable-purees,Non-root vegetable purees,locked_hmtc_row,published,tHg,1,13,1,as_sold,name_split_category1_row,1,0,0,0,0,0,1,1,0,,No regulatory reference value loaded.,DO NOT PUBLISH P90: single distribution-capable source,"Aggregate HMTc p90 needs multiple fit sources, not one source-reported or reconstructed distribution.",,parker2022-baby-food-arsenic-cadmium-lead-mercury-risk,collado-lopez2025-heavy-metals-baby-food-formula,,,"A single source can remain loaded evidence, but it is not the HMTc aggregate."
oral-electrolyte-solutions,Oral Electrolyte Solutions,bridge_context,draft,Pb,0,0,0,,,0,0,0,0,0,1,0,0,0,,No regulatory reference value loaded.,CONTEXT ONLY: not a locked HMTc standards row,"Keep this row visible for source routing and exposure context; do not compute an HMTc p90 unless it is promoted into the locked row architecture.",,,,,,Product scope: bridge_context.
oral-electrolyte-solutions,Oral Electrolyte Solutions,bridge_context,draft,Cd,0,0,0,,,0,0,0,0,0,1,0,0,0,,No regulatory reference value loaded.,CONTEXT ONLY: not a locked HMTc standards row,"Keep this row visible for source routing and exposure context; do not compute an HMTc p90 unless it is promoted into the locked row architecture.",,,,,,Product scope: bridge_context.
oral-electrolyte-solutions,Oral Electrolyte Solutions,bridge_context,draft,Al,0,0,0,,,0,0,0,0,0,1,0,0,0,,No regulatory reference value loaded.,CONTEXT ONLY: not a locked HMTc standards row,"Keep this row visible for source routing and exposure context; do not compute an HMTc p90 unless it is promoted into the locked row architecture.",,,,,,Product scope: bridge_context.
plant-milks-non-soy-non-rice,"Plant milks (almond, oat, coconut, other non-soy/non-rice)",locked_hmtc_row,,Pb,1,0,1,finished beverage composite,product_summary_context,0,1,0,0,0,0,0,1,0,,"none_loaded: no numeric value; no matched regulatory value loaded; No product-specific value loaded for this row.",BLOCKED: summary evidence only,"Loaded rows support N/mean/median/max context, but aggregate p90 needs sample-level values or explicitly reported percentiles from fit sources.",,,marques2021-trace-elements-milks-plant-based-drinks,,,Do not invent p50/p90/p95 from ranges or means.
plant-milks-non-soy-non-rice,"Plant milks (almond, oat, coconut, other non-soy/non-rice)",locked_hmtc_row,,Cd,0,0,0,,,0,0,0,0,0,0,0,0,0,,No regulatory reference value loaded.,BLOCKED: no structured evidence loaded,Add or route fit-source product evidence before any HMTc p90 decision.,,,,,,
plant-milks-non-soy-non-rice,"Plant milks (almond, oat, coconut, other non-soy/non-rice)",locked_hmtc_row,,iAs,0,0,0,,,0,0,0,0,0,0,0,0,0,,No regulatory reference value loaded.,BLOCKED: no structured evidence loaded,Add or route fit-source product evidence before any HMTc p90 decision.,,,,,,
plant-milks-non-soy-non-rice,"Plant milks (almond, oat, coconut, other non-soy/non-rice)",locked_hmtc_row,,tHg,1,0,1,finished beverage composite,product_summary_context,0,1,0,0,0,0,0,1,0,,"none_loaded: no numeric value; no matched regulatory value loaded; No product-specific value loaded for this row.",BLOCKED: summary evidence only,"Loaded rows support N/mean/median/max context, but aggregate p90 needs sample-level values or explicitly reported percentiles from fit sources.",,,marques2021-trace-elements-milks-plant-based-drinks,,,Do not invent p50/p90/p95 from ranges or means.
plant-milks-non-soy-non-rice,"Plant milks (almond, oat, coconut, other non-soy/non-rice)",locked_hmtc_row,,Al,0,0,0,,,0,0,0,0,0,0,0,0,0,,No regulatory reference value loaded.,BLOCKED: no structured evidence loaded,Add or route fit-source product evidence before any HMTc p90 decision.,,,,,,
plant-milks-non-soy-non-rice,"Plant milks (almond, oat, coconut, other non-soy/non-rice)",locked_hmtc_row,,Ni,0,0,0,,,0,0,0,0,0,0,0,1,0,,No regulatory reference value loaded.,BLOCKED: documented local sources are context-only,"Find or route fit-source product evidence; local source routes for this row were read and documented as context-only or not routeable.",,,marques2021-trace-elements-milks-plant-based-drinks,,,See data/evidence/local_reingest_context_dispositions.csv.
plant-milks-non-soy-non-rice,"Plant milks (almond, oat, coconut, other non-soy/non-rice)",locked_hmtc_row,,U,1,0,1,finished beverage composite,product_summary_context,0,1,0,0,0,0,0,1,0,,"none_loaded: no numeric value; no matched regulatory value loaded; No product-specific value loaded for this row.",BLOCKED: summary evidence only,"Loaded rows support N/mean/median/max context, but aggregate p90 needs sample-level values or explicitly reported percentiles from fit sources.",,,marques2021-trace-elements-milks-plant-based-drinks,,,Do not invent p50/p90/p95 from ranges or means.
plant-milks-rice-based,"Plant milks, rice-based",locked_hmtc_row,,Pb,0,0,0,,,0,0,0,0,0,0,0,1,0,,No regulatory reference value loaded.,BLOCKED: documented local sources are context-only,"Find or route fit-source product evidence; local source routes for this row were read and documented as context-only or not routeable.",,,marques2021-trace-elements-milks-plant-based-drinks,,,See data/evidence/local_reingest_context_dispositions.csv.
plant-milks-rice-based,"Plant milks, rice-based",locked_hmtc_row,,Cd,0,0,0,,,0,0,0,0,0,0,0,0,0,,No regulatory reference value loaded.,BLOCKED: no structured evidence loaded,Add or route fit-source product evidence before any HMTc p90 decision.,,,,,,
plant-milks-rice-based,"Plant milks, rice-based",locked_hmtc_row,,tAs,1,25,1,as sold/wet weight beverage,product_summary_context,0,1,0,0,0,0,1,0,0,,"none_loaded: no numeric value; no matched regulatory value loaded; No tAs value loaded for rice-based drinks.",BLOCKED: summary evidence only,"Loaded rows support N/mean/median/max context, but aggregate p90 needs sample-level values or explicitly reported percentiles from fit sources.",,damato2026-inorganic-arsenic-rice-based-beverages,,,,Do not invent p50/p90/p95 from ranges or means.
plant-milks-rice-based,"Plant milks, rice-based",locked_hmtc_row,,iAs,1,25,1,as sold/wet weight beverage,direct_product_summary_row,0,1,0,0,0,0,1,0,0,,"eu2023_ias_rice_drinks_30: 30 ug/kg; maximum level; non-alcoholic rice-based drinks",BLOCKED: summary evidence only,"Loaded rows support N/mean/median/max context, but aggregate p90 needs sample-level values or explicitly reported percentiles from fit sources.",,damato2026-inorganic-arsenic-rice-based-beverages,,,,Do not invent p50/p90/p95 from ranges or means.
plant-milks-soy-based,"Plant milks, soy-based",locked_hmtc_row,,Pb,1,18,1,as sold liquid beverage,product_summary_context,0,1,0,0,0,0,3,1,0,,"none_loaded: no numeric value; source-cited thresholds pending direct legal-source load; Milani 2023 compares As, Cd, Pb, and Sn to Brazilian/MERCOSUR thresholds, but direct legal rows are not loaded yet.",BLOCKED: summary evidence only,"Loaded rows support N/mean/median/max context, but aggregate p90 needs sample-level values or explicitly reported percentiles from fit sources.",,milani2023-trace-elements-soy-based-beverages,marques2021-trace-elements-milks-plant-based-drinks,,,Do not invent p50/p90/p95 from ranges or means.
plant-milks-soy-based,"Plant milks, soy-based",locked_hmtc_row,,Cd,1,18,1,as sold liquid beverage,product_summary_context,0,1,0,0,0,0,3,0,0,,"none_loaded: no numeric value; source-cited thresholds pending direct legal-source load; Milani 2023 compares As, Cd, Pb, and Sn to Brazilian/MERCOSUR thresholds, but direct legal rows are not loaded yet.",BLOCKED: summary evidence only,"Loaded rows support N/mean/median/max context, but aggregate p90 needs sample-level values or explicitly reported percentiles from fit sources.",,milani2023-trace-elements-soy-based-beverages,,,,Do not invent p50/p90/p95 from ranges or means.
plant-milks-soy-based,"Plant milks, soy-based",locked_hmtc_row,,tAs,1,18,1,as sold liquid beverage,product_summary_context,0,1,0,0,0,0,3,0,0,,"none_loaded: no numeric value; source-cited thresholds pending direct legal-source load; Milani 2023 compares As, Cd, Pb, and Sn to Brazilian/MERCOSUR thresholds, but direct legal rows are not loaded yet.",BLOCKED: summary evidence only,"Loaded rows support N/mean/median/max context, but aggregate p90 needs sample-level values or explicitly reported percentiles from fit sources.",,milani2023-trace-elements-soy-based-beverages,,,,Do not invent p50/p90/p95 from ranges or means.
plant-milks-soy-based,"Plant milks, soy-based",locked_hmtc_row,,Al,1,18,1,as sold liquid beverage,product_summary_context,0,1,0,0,0,0,3,0,0,,"none_loaded: no numeric value; no matched regulatory value loaded; No product-specific Al value loaded for soy-based beverages.",BLOCKED: summary evidence only,"Loaded rows support N/mean/median/max context, but aggregate p90 needs sample-level values or explicitly reported percentiles from fit sources.",,milani2023-trace-elements-soy-based-beverages,,,,Do not invent p50/p90/p95 from ranges or means.
plant-milks-soy-based,"Plant milks, soy-based",locked_hmtc_row,,Ni,1,18,1,as sold liquid beverage,product_summary_context,0,1,0,0,0,0,3,1,0,,No regulatory reference value loaded.,BLOCKED: summary evidence only,"Loaded rows support N/mean/median/max context, but aggregate p90 needs sample-level values or explicitly reported percentiles from fit sources.",,milani2023-trace-elements-soy-based-beverages,marques2021-trace-elements-milks-plant-based-drinks,,,Do not invent p50/p90/p95 from ranges or means.
plant-milks-soy-based,"Plant milks, soy-based",locked_hmtc_row,,Sn,1,18,1,as sold liquid beverage,product_summary_context,0,1,0,0,0,0,3,0,0,,"none_loaded: no numeric value; source-cited thresholds pending direct legal-source load; Milani 2023 compares As, Cd, Pb, and Sn to Brazilian/MERCOSUR thresholds, but direct legal rows are not loaded yet.",BLOCKED: summary evidence only,"Loaded rows support N/mean/median/max context, but aggregate p90 needs sample-level values or explicitly reported percentiles from fit sources.",,milani2023-trace-elements-soy-based-beverages,,,,Do not invent p50/p90/p95 from ranges or means.
root-vegetable-purees,Root-vegetable purees,locked_hmtc_row,published,Pb,1,59,1,as_sold,name_split_category1_row,1,0,0,0,0,0,2,1,0,,"fda2025_pb_root_baby_food_20: 20 ug/kg; final guidance action level; single-ingredient root vegetables for children under 2 | eu2023_pb_babyfood_cereal_20: 20 ug/kg; maximum level; baby food for infants and young children",DO NOT PUBLISH P90: single distribution-capable source,"Aggregate HMTc p90 needs multiple fit sources, not one source-reported or reconstructed distribution.",,"collado-lopez2025-heavy-metals-baby-food-formula; parker2022-baby-food-arsenic-cadmium-lead-mercury-risk",spungen2024-fda-tds-infant-lead-cadmium,,,"A single source can remain loaded evidence, but it is not the HMTc aggregate."
root-vegetable-purees,Root-vegetable purees,locked_hmtc_row,published,Cd,1,54,1,as_sold,name_split_category1_row,1,0,0,0,0,0,1,2,0,,"eu2023_cd_babyfood_cereal_40: 40 ug/kg; maximum level; baby food for infants and young children",DO NOT PUBLISH P90: single distribution-capable source,"Aggregate HMTc p90 needs multiple fit sources, not one source-reported or reconstructed distribution.",,parker2022-baby-food-arsenic-cadmium-lead-mercury-risk,"collado-lopez2025-heavy-metals-baby-food-formula; spungen2024-fda-tds-infant-lead-cadmium",,,"A single source can remain loaded evidence, but it is not the HMTc aggregate."
root-vegetable-purees,Root-vegetable purees,locked_hmtc_row,published,tAs,1,54,1,as_sold,name_split_category1_row,1,0,0,0,0,0,1,1,0,,No regulatory reference value loaded.,DO NOT PUBLISH P90: single distribution-capable source,"Aggregate HMTc p90 needs multiple fit sources, not one source-reported or reconstructed distribution.",,parker2022-baby-food-arsenic-cadmium-lead-mercury-risk,collado-lopez2025-heavy-metals-baby-food-formula,,,"A single source can remain loaded evidence, but it is not the HMTc aggregate."
root-vegetable-purees,Root-vegetable purees,locked_hmtc_row,published,tHg,1,25,1,as_sold,name_split_category1_row,1,0,0,0,0,0,1,1,0,,No regulatory reference value loaded.,DO NOT PUBLISH P90: single distribution-capable source,"Aggregate HMTc p90 needs multiple fit sources, not one source-reported or reconstructed distribution.",,parker2022-baby-food-arsenic-cadmium-lead-mercury-risk,collado-lopez2025-heavy-metals-baby-food-formula,,,"A single source can remain loaded evidence, but it is not the HMTc aggregate."
soft-drinks-carbonated-beverages,Soft drinks/carbonated beverages,locked_hmtc_row,draft,Pb,0,0,0,,,0,0,0,0,0,0,0,0,0,,No regulatory reference value loaded.,BLOCKED: no structured evidence loaded,Add or route fit-source product evidence before any HMTc p90 decision.,,,,,,
soft-drinks-carbonated-beverages,Soft drinks/carbonated beverages,locked_hmtc_row,draft,Cd,0,0,0,,,0,0,0,0,0,0,0,0,0,,No regulatory reference value loaded.,BLOCKED: no structured evidence loaded,Add or route fit-source product evidence before any HMTc p90 decision.,,,,,,
sports-energy-drinks,Sports/energy drinks,locked_hmtc_row,draft,Pb,0,0,0,,,0,0,0,0,0,0,0,0,0,,No regulatory reference value loaded.,BLOCKED: no structured evidence loaded,Add or route fit-source product evidence before any HMTc p90 decision.,,,,,,
sports-energy-drinks,Sports/energy drinks,locked_hmtc_row,draft,Cd,0,0,0,,,0,0,0,0,0,0,0,0,0,,No regulatory reference value loaded.,BLOCKED: no structured evidence loaded,Add or route fit-source product evidence before any HMTc p90 decision.,,,,,,
sports-energy-drinks,Sports/energy drinks,locked_hmtc_row,draft,tAs,0,0,0,,,0,0,0,0,0,0,0,0,0,,No regulatory reference value loaded.,BLOCKED: no structured evidence loaded,Add or route fit-source product evidence before any HMTc p90 decision.,,,,,,
teething-and-snacks-non-rice,Teething & snacks (non-rice),locked_hmtc_row,published,Pb,0,0,0,,,0,0,0,0,0,0,0,1,0,,"none_loaded: no numeric value; no matched regulatory value loaded; No product-specific value loaded in this crosswalk.",BLOCKED: documented local sources are context-only,"Find or route fit-source product evidence; local source routes for this row were read and documented as context-only or not routeable.",,,collado-lopez2025-heavy-metals-baby-food-formula,,,See data/evidence/local_reingest_context_dispositions.csv.
teething-and-snacks-non-rice,Teething & snacks (non-rice),locked_hmtc_row,published,Cd,0,0,0,,,0,0,0,0,0,0,0,1,0,,No regulatory reference value loaded.,BLOCKED: documented local sources are context-only,"Find or route fit-source product evidence; local source routes for this row were read and documented as context-only or not routeable.",,,collado-lopez2025-heavy-metals-baby-food-formula,,,See data/evidence/local_reingest_context_dispositions.csv.
teething-and-snacks-non-rice,Teething & snacks (non-rice),locked_hmtc_row,published,iAs,0,0,0,,,0,0,0,0,0,0,0,0,0,,No regulatory reference value loaded.,BLOCKED: no structured evidence loaded,Add or route fit-source product evidence before any HMTc p90 decision.,,,,,,
teething-and-snacks-rice-based,Teething & snacks (rice-based),locked_hmtc_row,published,Pb,1,2,1,as_sold,explicit_rice_named_subset,1,0,0,0,0,0,1,0,0,,No regulatory reference value loaded.,DO NOT PUBLISH P90: single distribution-capable source,"Aggregate HMTc p90 needs multiple fit sources, not one source-reported or reconstructed distribution.",,collado-lopez2025-heavy-metals-baby-food-formula,,,,"A single source can remain loaded evidence, but it is not the HMTc aggregate."
teething-and-snacks-rice-based,Teething & snacks (rice-based),locked_hmtc_row,published,Cd,1,2,1,as_sold,explicit_rice_named_subset,1,0,0,0,0,0,1,0,0,,No regulatory reference value loaded.,DO NOT PUBLISH P90: single distribution-capable source,"Aggregate HMTc p90 needs multiple fit sources, not one source-reported or reconstructed distribution.",,collado-lopez2025-heavy-metals-baby-food-formula,,,,"A single source can remain loaded evidence, but it is not the HMTc aggregate."
teething-and-snacks-rice-based,Teething & snacks (rice-based),locked_hmtc_row,published,tAs,1,2,1,as_sold,explicit_rice_named_subset,1,0,0,0,0,0,1,1,0,,No regulatory reference value loaded.,DO NOT PUBLISH P90: single distribution-capable source,"Aggregate HMTc p90 needs multiple fit sources, not one source-reported or reconstructed distribution.",,collado-lopez2025-heavy-metals-baby-food-formula,signes-pastor2018-infants-dietary-arsenic-solid-food,,,"A single source can remain loaded evidence, but it is not the HMTc aggregate."
teething-and-snacks-rice-based,Teething & snacks (rice-based),locked_hmtc_row,published,iAs,1,296,2,dry_weight,direct_category1_row,0,1,0,0,0,0,0,1,0,,"eu2023_ias_rice_products_300: 300 ug/kg; maximum level; rice waffles, rice wafers, rice crackers, rice cakes, rice flakes, and popped breakfast rice",BLOCKED: summary evidence only,"Loaded rows support N/mean/median/max context, but aggregate p90 needs sample-level values or explicitly reported percentiles from fit sources.",,,signes-pastor2018-infants-dietary-arsenic-solid-food,,,Do not invent p50/p90/p95 from ranges or means.
true-tea-camellia-sinensis,True tea (Camellia sinensis),locked_hmtc_row,draft,Pb,0,0,0,,,0,0,0,0,0,0,0,0,0,,No regulatory reference value loaded.,BLOCKED: no structured evidence loaded,Add or route fit-source product evidence before any HMTc p90 decision.,,,,,,
true-tea-camellia-sinensis,True tea (Camellia sinensis),locked_hmtc_row,draft,Cd,0,0,0,,,0,0,0,0,0,0,0,0,0,,No regulatory reference value loaded.,BLOCKED: no structured evidence loaded,Add or route fit-source product evidence before any HMTc p90 decision.,,,,,,
true-tea-camellia-sinensis,True tea (Camellia sinensis),locked_hmtc_row,draft,Al,0,0,0,,,0,0,0,0,0,0,0,0,0,,No regulatory reference value loaded.,BLOCKED: no structured evidence loaded,Add or route fit-source product evidence before any HMTc p90 decision.,,,,,,
vegetable-juices-non-root,"Vegetable juices, non-root",locked_hmtc_row,draft,Pb,0,0,0,,,0,0,0,0,0,0,0,0,0,,"fda2022_draft_pb_other_juice_20: 20 ug/kg; draft guidance; not for implementation; other single-strength juices and juice blends",BLOCKED: no structured evidence loaded,Add or route fit-source product evidence before any HMTc p90 decision.,,,,,,
vegetable-juices-non-root,"Vegetable juices, non-root",locked_hmtc_row,draft,Cd,0,0,0,,,0,0,0,0,0,0,0,0,0,,No regulatory reference value loaded.,BLOCKED: no structured evidence loaded,Add or route fit-source product evidence before any HMTc p90 decision.,,,,,,
vegetable-juices-root-vegetable-containing,"Vegetable juices, root-vegetable-containing",locked_hmtc_row,draft,Pb,0,0,0,,,0,0,0,0,0,0,0,0,0,,"fda2022_draft_pb_other_juice_20: 20 ug/kg; draft guidance; not for implementation; other single-strength juices and juice blends",BLOCKED: no structured evidence loaded,Add or route fit-source product evidence before any HMTc p90 decision.,,,,,,
vegetable-juices-root-vegetable-containing,"Vegetable juices, root-vegetable-containing",locked_hmtc_row,draft,Cd,0,0,0,,,0,0,0,0,0,0,0,0,0,,No regulatory reference value loaded.,BLOCKED: no structured evidence loaded,Add or route fit-source product evidence before any HMTc p90 decision.,,,,,,
yogurts-custards-puddings-out-of-scope,Yogurts Custards Puddings Out Of Scope,not_locked_hmtc_row,,Pb,1,5,1,as_sold,outside_locked_category1_rows,1,0,0,0,0,0,0,0,0,,No regulatory reference value loaded.,OUT OF SCOPE: not a locked HMTc standards row,"Keep this row visible for source routing and exposure context; do not compute an HMTc p90 unless it is promoted into the locked row architecture.",,,,,,Product scope: not_locked_hmtc_row.
yogurts-custards-puddings-out-of-scope,Yogurts Custards Puddings Out Of Scope,not_locked_hmtc_row,,Cd,1,5,1,as_sold,outside_locked_category1_rows,1,0,0,0,0,0,0,0,0,,No regulatory reference value loaded.,OUT OF SCOPE: not a locked HMTc standards row,"Keep this row visible for source routing and exposure context; do not compute an HMTc p90 unless it is promoted into the locked row architecture.",,,,,,Product scope: not_locked_hmtc_row.
yogurts-custards-puddings-out-of-scope,Yogurts Custards Puddings Out Of Scope,not_locked_hmtc_row,,tAs,1,5,1,as_sold,outside_locked_category1_rows,1,0,0,0,0,0,0,0,0,,No regulatory reference value loaded.,OUT OF SCOPE: not a locked HMTc standards row,"Keep this row visible for source routing and exposure context; do not compute an HMTc p90 unless it is promoted into the locked row architecture.",,,,,,Product scope: not_locked_hmtc_row.
yogurts-custards-puddings-out-of-scope,Yogurts Custards Puddings Out Of Scope,not_locked_hmtc_row,,tHg,1,3,1,as_sold,outside_locked_category1_rows,1,0,0,0,0,0,0,0,0,,No regulatory reference value loaded.,OUT OF SCOPE: not a locked HMTc standards row,"Keep this row visible for source routing and exposure context; do not compute an HMTc p90 unless it is promoted into the locked row architecture.",,,,,,Product scope: not_locked_hmtc_row.
