action_order,action_priority,action_type,product_slug,product_label,product_standard_scope,product_review_state,aggregate_hmtc_p90_status,metal_species,loaded_source_count,loaded_n,loaded_row_count,local_candidate_value_count,context_disposition_count,tds_product_route_candidate_count,pending_local_extract_source_count,candidate_pdf_match_count,missing_pdf_count,action_sources,candidate_sources,local_extract_sources,context_disposition_sources,candidate_pdf_match_sources,missing_source_routes,tds_product_route_foods,evidence_needed,next_step,suggested_command,guardrails,notes
1,P1,resolve-species-specific-gap,fish-containing-baby-foods,Fish-containing baby foods,locked_hmtc_row,published,BLOCKED: species-specific evidence missing,MeHg,0,0,0,0,1,0,0,0,0,,,,tatsuta2024-methylmercury-intake-children-duplicate-diet,,,,"Load MeHg rows for this product; related total-species rows cannot substitute.","Find or route MeHg evidence for this exact product row; related total-species rows cannot substitute.",npm run evidence:show-results -- --product fish-containing-baby-foods,"Do not substitute total arsenic for inorganic arsenic, total mercury for methylmercury, or total chromium for Cr-VI.",Total/speciated analytes are intentionally separated before HMTc standards math.
2,P1,resolve-species-specific-gap,fruit-juice-not-canned,Fruit juice (not canned),locked_hmtc_row,published,BLOCKED: species-specific evidence missing,iAs,0,0,0,0,0,0,0,0,0,,,,,,,,"Load iAs rows for this product; related total-species rows cannot substitute.","Find or route iAs evidence for this exact product row; related total-species rows cannot substitute.",npm run evidence:show-results -- --product fruit-juice-not-canned,"Do not substitute total arsenic for inorganic arsenic, total mercury for methylmercury, or total chromium for Cr-VI.",Total/speciated analytes are intentionally separated before HMTc standards math.
3,P1,resolve-species-specific-gap,fruit-juices-apple-containing,"Fruit juices, apple-containing",locked_hmtc_row,draft,BLOCKED: species-specific evidence missing,iAs,0,0,0,0,0,0,0,0,0,,,,,,,,"Load iAs rows for this product; related total-species rows cannot substitute.","Find or route iAs evidence for this exact product row; related total-species rows cannot substitute.",npm run evidence:show-results -- --product fruit-juices-apple-containing,"Do not substitute total arsenic for inorganic arsenic, total mercury for methylmercury, or total chromium for Cr-VI.",Total/speciated analytes are intentionally separated before HMTc standards math.
4,P1,resolve-species-specific-gap,fruit-juices-non-apple,"Fruit juices, non-apple",locked_hmtc_row,draft,BLOCKED: species-specific evidence missing,iAs,0,0,0,0,0,0,0,0,0,,,,,,,,"Load iAs rows for this product; related total-species rows cannot substitute.","Find or route iAs evidence for this exact product row; related total-species rows cannot substitute.",npm run evidence:show-results -- --product fruit-juices-non-apple,"Do not substitute total arsenic for inorganic arsenic, total mercury for methylmercury, or total chromium for Cr-VI.",Total/speciated analytes are intentionally separated before HMTc standards math.
5,P1,resolve-species-specific-gap,infant-formula-powder-non-soy,"Infant formula, powder (non-soy)",locked_hmtc_row,published,BLOCKED: species-specific evidence missing,MeHg,0,0,0,0,0,0,0,0,0,,,,,,,,"Load MeHg rows for this product; related total-species rows cannot substitute.","Find or route MeHg evidence for this exact product row; related total-species rows cannot substitute.",npm run evidence:show-results -- --product infant-formula-powder-non-soy,"Do not substitute total arsenic for inorganic arsenic, total mercury for methylmercury, or total chromium for Cr-VI.",Total/speciated analytes are intentionally separated before HMTc standards math.
6,P1,resolve-species-specific-gap,infant-formula-rtf-liquid-soy-based,"Infant formula, RTF liquid (soy-based)",locked_hmtc_row,published,BLOCKED: species-specific evidence missing,iAs,0,0,0,0,0,0,0,0,0,,,,,,,,"Load iAs rows for this product; related total-species rows cannot substitute.","Find or route iAs evidence for this exact product row; related total-species rows cannot substitute.",npm run evidence:show-results -- --product infant-formula-rtf-liquid-soy-based,"Do not substitute total arsenic for inorganic arsenic, total mercury for methylmercury, or total chromium for Cr-VI.",Total/speciated analytes are intentionally separated before HMTc standards math.
7,P1,resolve-species-specific-gap,mixed-meals-non-rice,"Mixed meals, non-rice",locked_hmtc_row,published,BLOCKED: species-specific evidence missing,iAs,0,0,0,0,0,0,0,0,0,,,,,,,,"Load iAs rows for this product; related total-species rows cannot substitute.","Find or route iAs evidence for this exact product row; related total-species rows cannot substitute.",npm run evidence:show-results -- --product mixed-meals-non-rice,"Do not substitute total arsenic for inorganic arsenic, total mercury for methylmercury, or total chromium for Cr-VI.",Total/speciated analytes are intentionally separated before HMTc standards math.
8,P1,resolve-species-specific-gap,mixed-meals-rice-containing,"Mixed meals, rice-containing",locked_hmtc_row,published,BLOCKED: species-specific evidence missing,iAs,0,0,0,0,0,0,0,0,0,,,,,,,,"Load iAs rows for this product; related total-species rows cannot substitute.","Find or route iAs evidence for this exact product row; related total-species rows cannot substitute.",npm run evidence:show-results -- --product mixed-meals-rice-containing,"Do not substitute total arsenic for inorganic arsenic, total mercury for methylmercury, or total chromium for Cr-VI.",Total/speciated analytes are intentionally separated before HMTc standards math.
9,P2,find-fit-source-after-context-only-review,plant-milks-non-soy-non-rice,"Plant milks (almond, oat, coconut, other non-soy/non-rice)",locked_hmtc_row,,BLOCKED: documented local sources are context-only,Ni,0,0,0,0,1,0,0,0,0,marques2021-trace-elements-milks-plant-based-drinks,,,marques2021-trace-elements-milks-plant-based-drinks,,,,"Find or route fit-source product evidence; local source routes for this row were read and documented as context-only or not routeable.","Use the context disposition as a closed route, then find a better fit-source product occurrence dataset or paper.",npm run evidence:show-results -- --product plant-milks-non-soy-non-rice,Do not reuse documented context-only rows as standards evidence unless a new table review changes the disposition.,See data/evidence/local_reingest_context_dispositions.csv.
10,P2,find-fit-source-after-context-only-review,plant-milks-rice-based,"Plant milks, rice-based",locked_hmtc_row,,BLOCKED: documented local sources are context-only,Pb,0,0,0,0,1,0,0,0,0,marques2021-trace-elements-milks-plant-based-drinks,,,marques2021-trace-elements-milks-plant-based-drinks,,,,"Find or route fit-source product evidence; local source routes for this row were read and documented as context-only or not routeable.","Use the context disposition as a closed route, then find a better fit-source product occurrence dataset or paper.",npm run evidence:show-results -- --product plant-milks-rice-based,Do not reuse documented context-only rows as standards evidence unless a new table review changes the disposition.,See data/evidence/local_reingest_context_dispositions.csv.
11,P2,find-fit-source-after-context-only-review,teething-and-snacks-non-rice,Teething & snacks (non-rice),locked_hmtc_row,published,BLOCKED: documented local sources are context-only,"Pb; Cd",0,0,0,0,2,0,0,0,0,collado-lopez2025-heavy-metals-baby-food-formula,,,collado-lopez2025-heavy-metals-baby-food-formula,,,,"Find or route fit-source product evidence; local source routes for this row were read and documented as context-only or not routeable.","Use the context disposition as a closed route, then find a better fit-source product occurrence dataset or paper.",npm run evidence:show-results -- --product teething-and-snacks-non-rice,Do not reuse documented context-only rows as standards evidence unless a new table review changes the disposition.,See data/evidence/local_reingest_context_dispositions.csv.
12,P2,find-or-route-fit-source-evidence,coffee,Coffee,locked_hmtc_row,draft,BLOCKED: no structured evidence loaded,"Pb; Cd; tAs",0,0,0,0,0,0,0,0,0,,,,,,,,Add or route fit-source product evidence before any HMTc p90 decision.,"Search local/raw evidence first, then source discovery, and route fit-source values to this product/metal row.",npm run evidence:show-results -- --product coffee,Create or update the source page and routing record before public synthesis. Missing data must remain visible as a gap.,
13,P2,find-or-route-fit-source-evidence,fermented-beverages-non-tea-based,"Fermented beverages, non-tea-based",locked_hmtc_row,draft,BLOCKED: no structured evidence loaded,"Pb; Cd",0,0,0,0,0,0,0,0,0,,,,,,,,Add or route fit-source product evidence before any HMTc p90 decision.,"Search local/raw evidence first, then source discovery, and route fit-source values to this product/metal row.",npm run evidence:show-results -- --product fermented-beverages-non-tea-based,Create or update the source page and routing record before public synthesis. Missing data must remain visible as a gap.,
14,P2,find-or-route-fit-source-evidence,flavored-waters,Flavored waters,locked_hmtc_row,draft,BLOCKED: no structured evidence loaded,Pb,0,0,0,0,0,0,0,0,0,,,,,,,,Add or route fit-source product evidence before any HMTc p90 decision.,"Search local/raw evidence first, then source discovery, and route fit-source values to this product/metal row.",npm run evidence:show-results -- --product flavored-waters,Create or update the source page and routing record before public synthesis. Missing data must remain visible as a gap.,
15,P2,find-or-route-fit-source-evidence,herbal-botanical-infusions,Herbal/botanical infusions,locked_hmtc_row,draft,BLOCKED: no structured evidence loaded,"Pb; Cd; Al",0,0,0,0,0,0,0,0,0,,,,,,,,Add or route fit-source product evidence before any HMTc p90 decision.,"Search local/raw evidence first, then source discovery, and route fit-source values to this product/metal row.",npm run evidence:show-results -- --product herbal-botanical-infusions,Create or update the source page and routing record before public synthesis. Missing data must remain visible as a gap.,
16,P2,find-or-route-fit-source-evidence,infant-formula-powder-non-soy,"Infant formula, powder (non-soy)",locked_hmtc_row,published,BLOCKED: no structured evidence loaded,Cr-VI,0,0,0,0,0,0,0,0,0,,,,,,,,Add or route fit-source product evidence before any HMTc p90 decision.,"Search local/raw evidence first, then source discovery, and route fit-source values to this product/metal row.",npm run evidence:show-results -- --product infant-formula-powder-non-soy,Create or update the source page and routing record before public synthesis. Missing data must remain visible as a gap.,
17,P2,find-or-route-fit-source-evidence,infant-formula-rtf-liquid-soy-based,"Infant formula, RTF liquid (soy-based)",locked_hmtc_row,published,BLOCKED: no structured evidence loaded,Ni,0,0,0,0,0,0,0,0,0,,,,,,,,Add or route fit-source product evidence before any HMTc p90 decision.,"Search local/raw evidence first, then source discovery, and route fit-source values to this product/metal row.",npm run evidence:show-results -- --product infant-formula-rtf-liquid-soy-based,Create or update the source page and routing record before public synthesis. Missing data must remain visible as a gap.,
18,P2,find-or-route-fit-source-evidence,kombucha-tea-based,Kombucha (tea-based),locked_hmtc_row,draft,BLOCKED: no structured evidence loaded,"Pb; Cd; Al",0,0,0,0,0,0,0,0,0,,,,,,,,Add or route fit-source product evidence before any HMTc p90 decision.,"Search local/raw evidence first, then source discovery, and route fit-source values to this product/metal row.",npm run evidence:show-results -- --product kombucha-tea-based,Create or update the source page and routing record before public synthesis. Missing data must remain visible as a gap.,
19,P2,find-or-route-fit-source-evidence,matcha,Matcha,locked_hmtc_row,draft,BLOCKED: no structured evidence loaded,"Pb; Cd; Al",0,0,0,0,0,0,0,0,0,,,,,,,,Add or route fit-source product evidence before any HMTc p90 decision.,"Search local/raw evidence first, then source discovery, and route fit-source values to this product/metal row.",npm run evidence:show-results -- --product matcha,Create or update the source page and routing record before public synthesis. Missing data must remain visible as a gap.,
20,P2,find-or-route-fit-source-evidence,plant-milks-non-soy-non-rice,"Plant milks (almond, oat, coconut, other non-soy/non-rice)",locked_hmtc_row,,BLOCKED: no structured evidence loaded,"Cd; iAs; Al",0,0,0,0,0,0,0,0,0,,,,,,,,Add or route fit-source product evidence before any HMTc p90 decision.,"Search local/raw evidence first, then source discovery, and route fit-source values to this product/metal row.",npm run evidence:show-results -- --product plant-milks-non-soy-non-rice,Create or update the source page and routing record before public synthesis. Missing data must remain visible as a gap.,
21,P2,find-or-route-fit-source-evidence,plant-milks-rice-based,"Plant milks, rice-based",locked_hmtc_row,,BLOCKED: no structured evidence loaded,Cd,0,0,0,0,0,0,0,0,0,,,,,,,,Add or route fit-source product evidence before any HMTc p90 decision.,"Search local/raw evidence first, then source discovery, and route fit-source values to this product/metal row.",npm run evidence:show-results -- --product plant-milks-rice-based,Create or update the source page and routing record before public synthesis. Missing data must remain visible as a gap.,
22,P2,find-or-route-fit-source-evidence,soft-drinks-carbonated-beverages,Soft drinks/carbonated beverages,locked_hmtc_row,draft,BLOCKED: no structured evidence loaded,"Pb; Cd",0,0,0,0,0,0,0,0,0,,,,,,,,Add or route fit-source product evidence before any HMTc p90 decision.,"Search local/raw evidence first, then source discovery, and route fit-source values to this product/metal row.",npm run evidence:show-results -- --product soft-drinks-carbonated-beverages,Create or update the source page and routing record before public synthesis. Missing data must remain visible as a gap.,
23,P2,find-or-route-fit-source-evidence,sports-energy-drinks,Sports/energy drinks,locked_hmtc_row,draft,BLOCKED: no structured evidence loaded,"Pb; Cd; tAs",0,0,0,0,0,0,0,0,0,,,,,,,,Add or route fit-source product evidence before any HMTc p90 decision.,"Search local/raw evidence first, then source discovery, and route fit-source values to this product/metal row.",npm run evidence:show-results -- --product sports-energy-drinks,Create or update the source page and routing record before public synthesis. Missing data must remain visible as a gap.,
24,P2,find-or-route-fit-source-evidence,teething-and-snacks-non-rice,Teething & snacks (non-rice),locked_hmtc_row,published,BLOCKED: no structured evidence loaded,iAs,0,0,0,0,0,0,0,0,0,,,,,,,,Add or route fit-source product evidence before any HMTc p90 decision.,"Search local/raw evidence first, then source discovery, and route fit-source values to this product/metal row.",npm run evidence:show-results -- --product teething-and-snacks-non-rice,Create or update the source page and routing record before public synthesis. Missing data must remain visible as a gap.,
25,P2,find-or-route-fit-source-evidence,true-tea-camellia-sinensis,True tea (Camellia sinensis),locked_hmtc_row,draft,BLOCKED: no structured evidence loaded,"Pb; Cd; Al",0,0,0,0,0,0,0,0,0,,,,,,,,Add or route fit-source product evidence before any HMTc p90 decision.,"Search local/raw evidence first, then source discovery, and route fit-source values to this product/metal row.",npm run evidence:show-results -- --product true-tea-camellia-sinensis,Create or update the source page and routing record before public synthesis. Missing data must remain visible as a gap.,
26,P2,find-or-route-fit-source-evidence,vegetable-juices-non-root,"Vegetable juices, non-root",locked_hmtc_row,draft,BLOCKED: no structured evidence loaded,"Pb; Cd",0,0,0,0,0,0,0,0,0,,,,,,,,Add or route fit-source product evidence before any HMTc p90 decision.,"Search local/raw evidence first, then source discovery, and route fit-source values to this product/metal row.",npm run evidence:show-results -- --product vegetable-juices-non-root,Create or update the source page and routing record before public synthesis. Missing data must remain visible as a gap.,
27,P2,find-or-route-fit-source-evidence,vegetable-juices-root-vegetable-containing,"Vegetable juices, root-vegetable-containing",locked_hmtc_row,draft,BLOCKED: no structured evidence loaded,"Pb; Cd",0,0,0,0,0,0,0,0,0,,,,,,,,Add or route fit-source product evidence before any HMTc p90 decision.,"Search local/raw evidence first, then source discovery, and route fit-source values to this product/metal row.",npm run evidence:show-results -- --product vegetable-juices-root-vegetable-containing,Create or update the source page and routing record before public synthesis. Missing data must remain visible as a gap.,
28,P2,find-sample-level-or-percentile-evidence,baby-cereals-dry-non-rice,"Baby cereals / grain products, dry (non-rice)",locked_hmtc_row,published,BLOCKED: summary evidence only,"iAs; Ni",2,0,2,0,1,0,0,0,0,,,,signes-pastor2018-infants-dietary-arsenic-solid-food,,,,"Loaded rows support N/mean/median/max context, but aggregate p90 needs sample-level values or explicitly reported percentiles from fit sources.","Find sample-level data or explicitly reported percentiles; retain mean/median/max rows as context until then.",npm run evidence:show-results -- --product baby-cereals-dry-non-rice,"Do not infer p50, p90, or p95 from means, ranges, IQRs, or max values unless a deterministic method is documented.",Do not invent p50/p90/p95 from ranges or means.
29,P2,find-sample-level-or-percentile-evidence,baby-cereals-dry-rice-based,"Baby cereals / grain products, dry (rice-based)",locked_hmtc_row,published,BLOCKED: summary evidence only,"iAs; Ni",3,272,6,0,1,0,0,0,0,,,,signes-pastor2018-infants-dietary-arsenic-solid-food,,,,"Loaded rows support N/mean/median/max context, but aggregate p90 needs sample-level values or explicitly reported percentiles from fit sources.","Find sample-level data or explicitly reported percentiles; retain mean/median/max rows as context until then.",npm run evidence:show-results -- --product baby-cereals-dry-rice-based,"Do not infer p50, p90, or p95 from means, ranges, IQRs, or max values unless a deterministic method is documented.",Do not invent p50/p90/p95 from ranges or means.
30,P2,find-sample-level-or-percentile-evidence,fish-containing-baby-foods,Fish-containing baby foods,locked_hmtc_row,published,BLOCKED: summary evidence only,"Pb; Cd; tAs; tHg; Al; Ni; Sn",10,21,10,0,2,0,0,0,0,,,,"collado-lopez2025-heavy-metals-baby-food-formula; tatsuta2024-methylmercury-intake-children-duplicate-diet",,,,"Loaded rows support N/mean/median/max context, but aggregate p90 needs sample-level values or explicitly reported percentiles from fit sources.","Find sample-level data or explicitly reported percentiles; retain mean/median/max rows as context until then.",npm run evidence:show-results -- --product fish-containing-baby-foods,"Do not infer p50, p90, or p95 from means, ranges, IQRs, or max values unless a deterministic method is documented.",Do not invent p50/p90/p95 from ranges or means.
31,P2,find-sample-level-or-percentile-evidence,fruit-juice-not-canned,Fruit juice (not canned),locked_hmtc_row,published,BLOCKED: summary evidence only,"Al; Sn; Co; Cr-total; Sb; V",7,104,7,0,0,0,0,0,0,,,,,,,,"Loaded rows support N/mean/median/max context, but aggregate p90 needs sample-level values or explicitly reported percentiles from fit sources.","Find sample-level data or explicitly reported percentiles; retain mean/median/max rows as context until then.",npm run evidence:show-results -- --product fruit-juice-not-canned,"Do not infer p50, p90, or p95 from means, ranges, IQRs, or max values unless a deterministic method is documented.",Do not invent p50/p90/p95 from ranges or means.
32,P2,find-sample-level-or-percentile-evidence,fruit-purees,Fruit purees (general),locked_hmtc_row,published,BLOCKED: summary evidence only,"iAs; Al; Ni; Sn; Co; Cr-total; Cu; Fe; I; Mn; Sb; Se; V; Zn",22,219,22,0,1,0,0,0,0,,,,signes-pastor2018-infants-dietary-arsenic-solid-food,,,,"Loaded rows support N/mean/median/max context, but aggregate p90 needs sample-level values or explicitly reported percentiles from fit sources.","Find sample-level data or explicitly reported percentiles; retain mean/median/max rows as context until then.",npm run evidence:show-results -- --product fruit-purees,"Do not infer p50, p90, or p95 from means, ranges, IQRs, or max values unless a deterministic method is documented.",Do not invent p50/p90/p95 from ranges or means.
33,P2,find-sample-level-or-percentile-evidence,infant-formula-powder-non-soy,"Infant formula, powder (non-soy)",locked_hmtc_row,published,BLOCKED: summary evidence only,"iAs; Al; Ni; Sn; Ca; Cr-total; Cu; Fe; I; Mn; Se; U; Zn",25,95,114,0,0,0,0,0,0,,,,,,,,"Loaded rows support N/mean/median/max context, but aggregate p90 needs sample-level values or explicitly reported percentiles from fit sources.","Find sample-level data or explicitly reported percentiles; retain mean/median/max rows as context until then.",npm run evidence:show-results -- --product infant-formula-powder-non-soy,"Do not infer p50, p90, or p95 from means, ranges, IQRs, or max values unless a deterministic method is documented.",Do not invent p50/p90/p95 from ranges or means.
34,P2,find-sample-level-or-percentile-evidence,infant-formula-powder-soy-based,"Infant formula, powder (soy-based)",locked_hmtc_row,published,BLOCKED: summary evidence only,"iAs; Al; Ni; Ca; Cu; Fe; I; Mn; Se; Zn",20,22,27,0,0,0,0,0,0,,,,,,,,"Loaded rows support N/mean/median/max context, but aggregate p90 needs sample-level values or explicitly reported percentiles from fit sources.","Find sample-level data or explicitly reported percentiles; retain mean/median/max rows as context until then.",npm run evidence:show-results -- --product infant-formula-powder-soy-based,"Do not infer p50, p90, or p95 from means, ranges, IQRs, or max values unless a deterministic method is documented.",Do not invent p50/p90/p95 from ranges or means.
35,P2,find-sample-level-or-percentile-evidence,infant-formula-rtf-liquid-non-soy,"Infant formula, RTF liquid (non-soy)",locked_hmtc_row,published,BLOCKED: summary evidence only,"Al; Cu; Fe; I; Mn; Se; Zn",10,85,24,0,0,0,0,0,0,,,,,,,,"Loaded rows support N/mean/median/max context, but aggregate p90 needs sample-level values or explicitly reported percentiles from fit sources.","Find sample-level data or explicitly reported percentiles; retain mean/median/max rows as context until then.",npm run evidence:show-results -- --product infant-formula-rtf-liquid-non-soy,"Do not infer p50, p90, or p95 from means, ranges, IQRs, or max values unless a deterministic method is documented.",Do not invent p50/p90/p95 from ranges or means.
36,P2,find-sample-level-or-percentile-evidence,infant-formula-rtf-liquid-soy-based,"Infant formula, RTF liquid (soy-based)",locked_hmtc_row,published,BLOCKED: summary evidence only,Al,1,14,1,0,0,0,0,0,0,,,,,,,,"Loaded rows support N/mean/median/max context, but aggregate p90 needs sample-level values or explicitly reported percentiles from fit sources.","Find sample-level data or explicitly reported percentiles; retain mean/median/max rows as context until then.",npm run evidence:show-results -- --product infant-formula-rtf-liquid-soy-based,"Do not infer p50, p90, or p95 from means, ranges, IQRs, or max values unless a deterministic method is documented.",Do not invent p50/p90/p95 from ranges or means.
37,P2,find-sample-level-or-percentile-evidence,meat-and-poultry-purees,Meat and poultry purees,locked_hmtc_row,published,BLOCKED: summary evidence only,"Pb; Cd; tAs; tHg; Al; Ni; Sn",7,28,7,0,4,0,0,0,0,,,,collado-lopez2025-heavy-metals-baby-food-formula,,,,"Loaded rows support N/mean/median/max context, but aggregate p90 needs sample-level values or explicitly reported percentiles from fit sources.","Find sample-level data or explicitly reported percentiles; retain mean/median/max rows as context until then.",npm run evidence:show-results -- --product meat-and-poultry-purees,"Do not infer p50, p90, or p95 from means, ranges, IQRs, or max values unless a deterministic method is documented.",Do not invent p50/p90/p95 from ranges or means.
38,P2,find-sample-level-or-percentile-evidence,plant-milks-non-soy-non-rice,"Plant milks (almond, oat, coconut, other non-soy/non-rice)",locked_hmtc_row,,BLOCKED: summary evidence only,"Pb; tHg; U",3,0,3,0,3,0,0,0,0,,,,marques2021-trace-elements-milks-plant-based-drinks,,,,"Loaded rows support N/mean/median/max context, but aggregate p90 needs sample-level values or explicitly reported percentiles from fit sources.","Find sample-level data or explicitly reported percentiles; retain mean/median/max rows as context until then.",npm run evidence:show-results -- --product plant-milks-non-soy-non-rice,"Do not infer p50, p90, or p95 from means, ranges, IQRs, or max values unless a deterministic method is documented.",Do not invent p50/p90/p95 from ranges or means.
39,P2,find-sample-level-or-percentile-evidence,plant-milks-rice-based,"Plant milks, rice-based",locked_hmtc_row,,BLOCKED: summary evidence only,"iAs; tAs",2,50,2,0,0,0,0,0,0,,,,,,,,"Loaded rows support N/mean/median/max context, but aggregate p90 needs sample-level values or explicitly reported percentiles from fit sources.","Find sample-level data or explicitly reported percentiles; retain mean/median/max rows as context until then.",npm run evidence:show-results -- --product plant-milks-rice-based,"Do not infer p50, p90, or p95 from means, ranges, IQRs, or max values unless a deterministic method is documented.",Do not invent p50/p90/p95 from ranges or means.
40,P2,find-sample-level-or-percentile-evidence,plant-milks-soy-based,"Plant milks, soy-based",locked_hmtc_row,,BLOCKED: summary evidence only,"Pb; Cd; tAs; Al; Ni; Sn; Cr-total; Sb",8,144,8,0,2,0,0,0,0,,,,marques2021-trace-elements-milks-plant-based-drinks,,,,"Loaded rows support N/mean/median/max context, but aggregate p90 needs sample-level values or explicitly reported percentiles from fit sources.","Find sample-level data or explicitly reported percentiles; retain mean/median/max rows as context until then.",npm run evidence:show-results -- --product plant-milks-soy-based,"Do not infer p50, p90, or p95 from means, ranges, IQRs, or max values unless a deterministic method is documented.",Do not invent p50/p90/p95 from ranges or means.
41,P2,find-sample-level-or-percentile-evidence,teething-and-snacks-rice-based,Teething & snacks (rice-based),locked_hmtc_row,published,BLOCKED: summary evidence only,iAs,1,296,2,0,1,0,0,0,0,,,,signes-pastor2018-infants-dietary-arsenic-solid-food,,,,"Loaded rows support N/mean/median/max context, but aggregate p90 needs sample-level values or explicitly reported percentiles from fit sources.","Find sample-level data or explicitly reported percentiles; retain mean/median/max rows as context until then.",npm run evidence:show-results -- --product teething-and-snacks-rice-based,"Do not infer p50, p90, or p95 from means, ranges, IQRs, or max values unless a deterministic method is documented.",Do not invent p50/p90/p95 from ranges or means.
42,P2,find-second-distribution-capable-source,baby-cereals-dry-non-rice,"Baby cereals / grain products, dry (non-rice)",locked_hmtc_row,published,DO NOT PUBLISH P90: single distribution-capable source,"Pb; Cd; tAs; tHg",10,84,10,0,2,0,0,0,0,,,,"collado-lopez2025-heavy-metals-baby-food-formula; signes-pastor2018-infants-dietary-arsenic-solid-food",,,,"Aggregate HMTc p90 needs multiple fit sources, not one source-reported or reconstructed distribution.",Find or route at least one additional fit distribution-capable source before aggregate HMTc p90 publication.,npm run evidence:show-results -- --product baby-cereals-dry-non-rice,"A single distribution-capable source can remain loaded evidence, but it is not the aggregate HMTc p90.","A single source can remain loaded evidence, but it is not the HMTc aggregate."
43,P2,find-second-distribution-capable-source,baby-cereals-dry-rice-based,"Baby cereals / grain products, dry (rice-based)",locked_hmtc_row,published,DO NOT PUBLISH P90: single distribution-capable source,"Pb; Cd; tAs; tHg",10,825,10,0,2,0,0,0,0,,,,"collado-lopez2025-heavy-metals-baby-food-formula; signes-pastor2018-infants-dietary-arsenic-solid-food",,,,"Aggregate HMTc p90 needs multiple fit sources, not one source-reported or reconstructed distribution.",Find or route at least one additional fit distribution-capable source before aggregate HMTc p90 publication.,npm run evidence:show-results -- --product baby-cereals-dry-rice-based,"A single distribution-capable source can remain loaded evidence, but it is not the aggregate HMTc p90.","A single source can remain loaded evidence, but it is not the HMTc aggregate."
44,P2,find-second-distribution-capable-source,fruit-juice-not-canned,Fruit juice (not canned),locked_hmtc_row,published,DO NOT PUBLISH P90: single distribution-capable source,"Pb; Cd; tAs; Ni",10,264,10,0,2,4,0,0,0,,,,"fda2004-juice-haccp-lead; fda2022-draft-lead-juice",,,"TDS 99: Juice, apple, bottled","Aggregate HMTc p90 needs multiple fit sources, not one source-reported or reconstructed distribution.",Find or route at least one additional fit distribution-capable source before aggregate HMTc p90 publication.,npm run evidence:show-results -- --product fruit-juice-not-canned,"A single distribution-capable source can remain loaded evidence, but it is not the aggregate HMTc p90.","A single source can remain loaded evidence, but it is not the HMTc aggregate."
45,P2,find-second-distribution-capable-source,fruit-juices-apple-containing,"Fruit juices, apple-containing",locked_hmtc_row,draft,DO NOT PUBLISH P90: single distribution-capable source,"Pb; tAs",2,6,2,0,0,2,0,0,0,,,,,,,"TDS 99: Juice, apple, bottled","Aggregate HMTc p90 needs multiple fit sources, not one source-reported or reconstructed distribution.",Find or route at least one additional fit distribution-capable source before aggregate HMTc p90 publication.,npm run evidence:show-results -- --product fruit-juices-apple-containing,"A single distribution-capable source can remain loaded evidence, but it is not the aggregate HMTc p90.","A single source can remain loaded evidence, but it is not the HMTc aggregate."
46,P2,find-second-distribution-capable-source,fruit-juices-non-apple,"Fruit juices, non-apple",locked_hmtc_row,draft,DO NOT PUBLISH P90: single distribution-capable source,"Pb; tAs",2,6,2,0,0,2,0,0,0,,,,,,,"TDS 100: Juice, grapefruit, bottled/cartoned","Aggregate HMTc p90 needs multiple fit sources, not one source-reported or reconstructed distribution.",Find or route at least one additional fit distribution-capable source before aggregate HMTc p90 publication.,npm run evidence:show-results -- --product fruit-juices-non-apple,"A single distribution-capable source can remain loaded evidence, but it is not the aggregate HMTc p90.","A single source can remain loaded evidence, but it is not the HMTc aggregate."
47,P2,find-second-distribution-capable-source,fruit-purees,Fruit purees (general),locked_hmtc_row,published,DO NOT PUBLISH P90: single distribution-capable source,"Pb; Cd; tAs; tHg",18,244,18,0,5,0,0,0,0,,,,"collado-lopez2025-heavy-metals-baby-food-formula; signes-pastor2018-infants-dietary-arsenic-solid-food",,,,"Aggregate HMTc p90 needs multiple fit sources, not one source-reported or reconstructed distribution.",Find or route at least one additional fit distribution-capable source before aggregate HMTc p90 publication.,npm run evidence:show-results -- --product fruit-purees,"A single distribution-capable source can remain loaded evidence, but it is not the aggregate HMTc p90.","A single source can remain loaded evidence, but it is not the HMTc aggregate."
48,P2,find-second-distribution-capable-source,infant-formula-powder-non-soy,"Infant formula, powder (non-soy)",locked_hmtc_row,published,DO NOT PUBLISH P90: single distribution-capable source,"Pb; Cd; tAs; tHg",20,1077,79,0,0,0,0,0,0,,,,,,,,"Aggregate HMTc p90 needs multiple fit sources, not one source-reported or reconstructed distribution.",Find or route at least one additional fit distribution-capable source before aggregate HMTc p90 publication.,npm run evidence:show-results -- --product infant-formula-powder-non-soy,"A single distribution-capable source can remain loaded evidence, but it is not the aggregate HMTc p90.","A single source can remain loaded evidence, but it is not the HMTc aggregate."
49,P2,find-second-distribution-capable-source,infant-formula-powder-soy-based,"Infant formula, powder (soy-based)",locked_hmtc_row,published,DO NOT PUBLISH P90: single distribution-capable source,"Pb; Cd; tAs; tHg",16,205,19,0,0,0,0,0,0,,,,,,,,"Aggregate HMTc p90 needs multiple fit sources, not one source-reported or reconstructed distribution.",Find or route at least one additional fit distribution-capable source before aggregate HMTc p90 publication.,npm run evidence:show-results -- --product infant-formula-powder-soy-based,"A single distribution-capable source can remain loaded evidence, but it is not the aggregate HMTc p90.","A single source can remain loaded evidence, but it is not the HMTc aggregate."
50,P2,find-second-distribution-capable-source,infant-formula-rtf-liquid-non-soy,"Infant formula, RTF liquid (non-soy)",locked_hmtc_row,published,DO NOT PUBLISH P90: single distribution-capable source,"Pb; Cd; tAs; tHg",11,227,19,0,0,0,0,0,0,,,,,,,,"Aggregate HMTc p90 needs multiple fit sources, not one source-reported or reconstructed distribution.",Find or route at least one additional fit distribution-capable source before aggregate HMTc p90 publication.,npm run evidence:show-results -- --product infant-formula-rtf-liquid-non-soy,"A single distribution-capable source can remain loaded evidence, but it is not the aggregate HMTc p90.","A single source can remain loaded evidence, but it is not the HMTc aggregate."
51,P2,find-second-distribution-capable-source,infant-formula-rtf-liquid-soy-based,"Infant formula, RTF liquid (soy-based)",locked_hmtc_row,published,DO NOT PUBLISH P90: single distribution-capable source,"Pb; Cd; tAs; tHg",7,56,7,0,0,0,0,0,0,,,,,,,,"Aggregate HMTc p90 needs multiple fit sources, not one source-reported or reconstructed distribution.",Find or route at least one additional fit distribution-capable source before aggregate HMTc p90 publication.,npm run evidence:show-results -- --product infant-formula-rtf-liquid-soy-based,"A single distribution-capable source can remain loaded evidence, but it is not the aggregate HMTc p90.","A single source can remain loaded evidence, but it is not the HMTc aggregate."
52,P2,find-second-distribution-capable-source,mixed-meals-non-rice,"Mixed meals, non-rice",locked_hmtc_row,published,DO NOT PUBLISH P90: single distribution-capable source,"Pb; Cd; tAs; tHg",5,268,5,0,3,0,0,0,0,,,,collado-lopez2025-heavy-metals-baby-food-formula,,,,"Aggregate HMTc p90 needs multiple fit sources, not one source-reported or reconstructed distribution.",Find or route at least one additional fit distribution-capable source before aggregate HMTc p90 publication.,npm run evidence:show-results -- --product mixed-meals-non-rice,"A single distribution-capable source can remain loaded evidence, but it is not the aggregate HMTc p90.","A single source can remain loaded evidence, but it is not the HMTc aggregate."
53,P2,find-second-distribution-capable-source,mixed-meals-rice-containing,"Mixed meals, rice-containing",locked_hmtc_row,published,DO NOT PUBLISH P90: single distribution-capable source,"Pb; Cd; tAs; tHg",7,30,7,0,1,0,0,0,0,,,,collado-lopez2025-heavy-metals-baby-food-formula,,,,"Aggregate HMTc p90 needs multiple fit sources, not one source-reported or reconstructed distribution.",Find or route at least one additional fit distribution-capable source before aggregate HMTc p90 publication.,npm run evidence:show-results -- --product mixed-meals-rice-containing,"A single distribution-capable source can remain loaded evidence, but it is not the aggregate HMTc p90.","A single source can remain loaded evidence, but it is not the HMTc aggregate."
54,P2,find-second-distribution-capable-source,non-root-vegetable-purees,Non-root vegetable purees,locked_hmtc_row,published,DO NOT PUBLISH P90: single distribution-capable source,"Pb; Cd; tAs; tHg",8,120,8,0,4,0,0,0,0,,,,collado-lopez2025-heavy-metals-baby-food-formula,,,,"Aggregate HMTc p90 needs multiple fit sources, not one source-reported or reconstructed distribution.",Find or route at least one additional fit distribution-capable source before aggregate HMTc p90 publication.,npm run evidence:show-results -- --product non-root-vegetable-purees,"A single distribution-capable source can remain loaded evidence, but it is not the aggregate HMTc p90.","A single source can remain loaded evidence, but it is not the HMTc aggregate."
55,P2,find-second-distribution-capable-source,root-vegetable-purees,Root-vegetable purees,locked_hmtc_row,published,DO NOT PUBLISH P90: single distribution-capable source,"Pb; Cd; tAs; tHg",9,228,9,0,5,0,0,0,0,,,,"collado-lopez2025-heavy-metals-baby-food-formula; spungen2024-fda-tds-infant-lead-cadmium",,,,"Aggregate HMTc p90 needs multiple fit sources, not one source-reported or reconstructed distribution.",Find or route at least one additional fit distribution-capable source before aggregate HMTc p90 publication.,npm run evidence:show-results -- --product root-vegetable-purees,"A single distribution-capable source can remain loaded evidence, but it is not the aggregate HMTc p90.","A single source can remain loaded evidence, but it is not the HMTc aggregate."
56,P2,find-second-distribution-capable-source,teething-and-snacks-rice-based,Teething & snacks (rice-based),locked_hmtc_row,published,DO NOT PUBLISH P90: single distribution-capable source,"Pb; Cd; tAs",6,6,6,0,1,0,0,0,0,,,,signes-pastor2018-infants-dietary-arsenic-solid-food,,,,"Aggregate HMTc p90 needs multiple fit sources, not one source-reported or reconstructed distribution.",Find or route at least one additional fit distribution-capable source before aggregate HMTc p90 publication.,npm run evidence:show-results -- --product teething-and-snacks-rice-based,"A single distribution-capable source can remain loaded evidence, but it is not the aggregate HMTc p90.","A single source can remain loaded evidence, but it is not the HMTc aggregate."
57,P3,review-evidence-fitness,infant-formula-powder-non-soy,"Infant formula, powder (non-soy)",locked_hmtc_row,published,BLOCKED: evidence fitness review needed,Sb,1,0,6,0,0,0,0,0,0,,,,,,,,Review loaded rows and pending sources before HMTc p90 math.,"Review row fit, basis, censoring, and Evidence Fitness before any standards calculation.",npm run evidence:show-results -- --product infant-formula-powder-non-soy,Keep pending-tier and machine-extracted evidence out of public claims until reviewed.,Loaded source count: 1.
58,P3,review-evidence-fitness,infant-formula-powder-soy-based,"Infant formula, powder (soy-based)",locked_hmtc_row,published,BLOCKED: evidence fitness review needed,"Sn; Cr-total; Sb",3,0,3,0,0,0,0,0,0,,,,,,,,Review loaded rows and pending sources before HMTc p90 math.,"Review row fit, basis, censoring, and Evidence Fitness before any standards calculation.",npm run evidence:show-results -- --product infant-formula-powder-soy-based,Keep pending-tier and machine-extracted evidence out of public claims until reviewed.,Loaded source count: 1.
59,P3,review-evidence-fitness,infant-formula-rtf-liquid-non-soy,"Infant formula, RTF liquid (non-soy)",locked_hmtc_row,published,BLOCKED: evidence fitness review needed,"iAs; Ni; Sn; Cr-total; Sb",5,0,15,0,0,0,0,0,0,,,,,,,,Review loaded rows and pending sources before HMTc p90 math.,"Review row fit, basis, censoring, and Evidence Fitness before any standards calculation.",npm run evidence:show-results -- --product infant-formula-rtf-liquid-non-soy,Keep pending-tier and machine-extracted evidence out of public claims until reviewed.,Loaded source count: 1.
