candidate_id,product_slug,source_id,source_title,source_page,source_product_label,metal_species,basis,n,n_text,statistic_type,mean_ppb,mean_lb_ppb,mean_ub_ppb,min_ppb,max_ppb,p50_ppb,p90_ppb,p95_ppb,unit,censoring_status,censoring_limit_ppb,row_fit,extraction_method,extraction_status,review_state,evidence_fitness_verdict,source_row_order,quote_trace,notes,guardrails
meli2024-chemical-characterization-baby-food-italy-fish-containing-baby-foods-Al,fish-containing-baby-foods,meli2024-chemical-characterization-baby-food-italy,Chemical characterization of baby food consumed in Italy,wiki/sources/meli2024-chemical-characterization-baby-food-italy.md,"Homogenized fish products, mean",Al,wet_weight,3,"Table 5 reports three homogenized fish products: bream, salmon, and sea bass.",source_reported_category_mean,390,,,,,,,,ppb,,,direct_baby_food_category_mean_needs_review,deterministic_parser_meli2024_table5_category_means,candidate_only_not_published,needs_review,EF-3,1,"Meli 2024 Table 5 Fish mean: Al 0.390; As 0.0600; Hg 0.0068; Ni 0.080; Sn <0.075 mg/kg wet weight. Table 2 reports Cd LOD 0.005 mg/kg and Pb LOD 0.10 mg/kg, with zero samples above LOD across the study. Values are Table 5 category means in mg/kg wet weight, normalized to ppb.","Deterministic parse of Meli 2024 Table 5 category mean concentrations. Rows are source-reported category means, not sample distributions or percentiles.","Candidate row only; do not publish until source table, product fit, basis, species, unit, and N are reviewed. Do not infer p90/p95."
meli2024-chemical-characterization-baby-food-italy-fish-containing-baby-foods-tAs,fish-containing-baby-foods,meli2024-chemical-characterization-baby-food-italy,Chemical characterization of baby food consumed in Italy,wiki/sources/meli2024-chemical-characterization-baby-food-italy.md,"Homogenized fish products, mean",tAs,wet_weight,3,"Table 5 reports three homogenized fish products: bream, salmon, and sea bass.",source_reported_category_mean,60,,,,,,,,ppb,,,direct_baby_food_category_mean_needs_review,deterministic_parser_meli2024_table5_category_means,candidate_only_not_published,needs_review,EF-3,2,"Meli 2024 Table 5 Fish mean: Al 0.390; As 0.0600; Hg 0.0068; Ni 0.080; Sn <0.075 mg/kg wet weight. Table 2 reports Cd LOD 0.005 mg/kg and Pb LOD 0.10 mg/kg, with zero samples above LOD across the study. Values are Table 5 category means in mg/kg wet weight, normalized to ppb.","Deterministic parse of Meli 2024 Table 5 category mean concentrations. Rows are source-reported category means, not sample distributions or percentiles. Source reports As; retained as total/unspecified arsenic candidate, not iAs.","Candidate row only; do not publish until source table, product fit, basis, species, unit, and N are reviewed. Do not infer p90/p95."
meli2024-chemical-characterization-baby-food-italy-fish-containing-baby-foods-Cd,fish-containing-baby-foods,meli2024-chemical-characterization-baby-food-italy,Chemical characterization of baby food consumed in Italy,wiki/sources/meli2024-chemical-characterization-baby-food-italy.md,"Homogenized fish products, mean",Cd,wet_weight,3,"Table 5 reports three homogenized fish products: bream, salmon, and sea bass.",source_reported_censored_category_mean,,,,,,,,,ppb,less_than,5,direct_baby_food_category_mean_needs_review,deterministic_parser_meli2024_table5_category_means,candidate_only_not_published,needs_review,EF-3,3,"Meli 2024 Table 5 Fish mean: Al 0.390; As 0.0600; Hg 0.0068; Ni 0.080; Sn <0.075 mg/kg wet weight. Table 2 reports Cd LOD 0.005 mg/kg and Pb LOD 0.10 mg/kg, with zero samples above LOD across the study. Values are Table 5 category means in mg/kg wet weight, normalized to ppb.","Deterministic parse of Meli 2024 Table 5 category mean concentrations. Rows are source-reported category means, not sample distributions or percentiles. Table 2 reports zero samples above LOD for this analyte across the study; retained as a censored source-table value. <0.005 mg/kg wet weight retained as a censored source table value.","Candidate row only; do not publish until source table, product fit, basis, species, unit, and N are reviewed. Do not infer p90/p95."
meli2024-chemical-characterization-baby-food-italy-fish-containing-baby-foods-tHg,fish-containing-baby-foods,meli2024-chemical-characterization-baby-food-italy,Chemical characterization of baby food consumed in Italy,wiki/sources/meli2024-chemical-characterization-baby-food-italy.md,"Homogenized fish products, mean",tHg,wet_weight,3,"Table 5 reports three homogenized fish products: bream, salmon, and sea bass.",source_reported_category_mean,6.8,,,,,,,,ppb,,,direct_baby_food_category_mean_needs_review,deterministic_parser_meli2024_table5_category_means,candidate_only_not_published,needs_review,EF-3,4,"Meli 2024 Table 5 Fish mean: Al 0.390; As 0.0600; Hg 0.0068; Ni 0.080; Sn <0.075 mg/kg wet weight. Table 2 reports Cd LOD 0.005 mg/kg and Pb LOD 0.10 mg/kg, with zero samples above LOD across the study. Values are Table 5 category means in mg/kg wet weight, normalized to ppb.","Deterministic parse of Meli 2024 Table 5 category mean concentrations. Rows are source-reported category means, not sample distributions or percentiles. Source reports Hg; retained as total mercury, not methylmercury.","Candidate row only; do not publish until source table, product fit, basis, species, unit, and N are reviewed. Do not infer p90/p95."
meli2024-chemical-characterization-baby-food-italy-fish-containing-baby-foods-Ni,fish-containing-baby-foods,meli2024-chemical-characterization-baby-food-italy,Chemical characterization of baby food consumed in Italy,wiki/sources/meli2024-chemical-characterization-baby-food-italy.md,"Homogenized fish products, mean",Ni,wet_weight,3,"Table 5 reports three homogenized fish products: bream, salmon, and sea bass.",source_reported_category_mean,80,,,,,,,,ppb,,,direct_baby_food_category_mean_needs_review,deterministic_parser_meli2024_table5_category_means,candidate_only_not_published,needs_review,EF-3,5,"Meli 2024 Table 5 Fish mean: Al 0.390; As 0.0600; Hg 0.0068; Ni 0.080; Sn <0.075 mg/kg wet weight. Table 2 reports Cd LOD 0.005 mg/kg and Pb LOD 0.10 mg/kg, with zero samples above LOD across the study. Values are Table 5 category means in mg/kg wet weight, normalized to ppb.","Deterministic parse of Meli 2024 Table 5 category mean concentrations. Rows are source-reported category means, not sample distributions or percentiles.","Candidate row only; do not publish until source table, product fit, basis, species, unit, and N are reviewed. Do not infer p90/p95."
meli2024-chemical-characterization-baby-food-italy-fish-containing-baby-foods-Pb,fish-containing-baby-foods,meli2024-chemical-characterization-baby-food-italy,Chemical characterization of baby food consumed in Italy,wiki/sources/meli2024-chemical-characterization-baby-food-italy.md,"Homogenized fish products, mean",Pb,wet_weight,3,"Table 5 reports three homogenized fish products: bream, salmon, and sea bass.",source_reported_censored_category_mean,,,,,,,,,ppb,less_than,100,direct_baby_food_category_mean_needs_review,deterministic_parser_meli2024_table5_category_means,candidate_only_not_published,needs_review,EF-3,6,"Meli 2024 Table 5 Fish mean: Al 0.390; As 0.0600; Hg 0.0068; Ni 0.080; Sn <0.075 mg/kg wet weight. Table 2 reports Cd LOD 0.005 mg/kg and Pb LOD 0.10 mg/kg, with zero samples above LOD across the study. Values are Table 5 category means in mg/kg wet weight, normalized to ppb.","Deterministic parse of Meli 2024 Table 5 category mean concentrations. Rows are source-reported category means, not sample distributions or percentiles. Table 2 reports zero samples above LOD for this analyte across the study; retained as a censored source-table value. <0.10 mg/kg wet weight retained as a censored source table value.","Candidate row only; do not publish until source table, product fit, basis, species, unit, and N are reviewed. Do not infer p90/p95."
meli2024-chemical-characterization-baby-food-italy-fish-containing-baby-foods-Sn,fish-containing-baby-foods,meli2024-chemical-characterization-baby-food-italy,Chemical characterization of baby food consumed in Italy,wiki/sources/meli2024-chemical-characterization-baby-food-italy.md,"Homogenized fish products, mean",Sn,wet_weight,3,"Table 5 reports three homogenized fish products: bream, salmon, and sea bass.",source_reported_censored_category_mean,,,,,,,,,ppb,less_than,75,direct_baby_food_category_mean_needs_review,deterministic_parser_meli2024_table5_category_means,candidate_only_not_published,needs_review,EF-3,7,"Meli 2024 Table 5 Fish mean: Al 0.390; As 0.0600; Hg 0.0068; Ni 0.080; Sn <0.075 mg/kg wet weight. Table 2 reports Cd LOD 0.005 mg/kg and Pb LOD 0.10 mg/kg, with zero samples above LOD across the study. Values are Table 5 category means in mg/kg wet weight, normalized to ppb.","Deterministic parse of Meli 2024 Table 5 category mean concentrations. Rows are source-reported category means, not sample distributions or percentiles. <0.075 mg/kg wet weight retained as a censored source table value.","Candidate row only; do not publish until source table, product fit, basis, species, unit, and N are reviewed. Do not infer p90/p95."
chekri2019-french-infant-toddler-tds-trace-elements-fruit-juice-not-canned-Al,fruit-juice-not-canned,chekri2019-french-infant-toddler-tds-trace-elements,Trace element contents in foods from the first French Total Diet Study on infants and toddlers,wiki/sources/chekri2019-french-infant-toddler-tds-trace-elements.md,Fruit juices,Al,as_consumed,4,"Chekri 2019 Table 5 reports Fruit juices, n=4.",source_reported_upper_bound_mean_range,191,,,42.0,314,,,,ppb,,,direct_infant_food_category_needs_review,deterministic_parser_chekri2019_table5_food_category_ub,candidate_only_not_published,needs_review,EF-3,1,"Chekri 2019 Table 5 Fruit juices: n=4; Al 191 (42.0-314); Sb 0.75 (0.50-1.00); As 2.00 (1.00-2.00); Cd 0.30 (0.30-0.30); Cr 21.0 (5.00-29.0); Co 0.93 (0.70-1.00); Ni 25.0 (25.0-25.0); Sn 62.5 (42.0-83.0); V 0.88 (0.00-1.00) ug/kg fresh weight. Table 5 values are upper-bound concentrations in foods as consumed by French infants and toddlers (ug/kg fresh weight).","Deterministic parse of Chekri 2019 Table 5 upper-bound food-category concentration means. Mean, minimum, and maximum are source-reported UB concentrations, not percentiles.","Candidate row only; do not publish until source table, product fit, basis, species, unit, and N are reviewed. Do not infer p90/p95."
chekri2019-french-infant-toddler-tds-trace-elements-fruit-juice-not-canned-Sb,fruit-juice-not-canned,chekri2019-french-infant-toddler-tds-trace-elements,Trace element contents in foods from the first French Total Diet Study on infants and toddlers,wiki/sources/chekri2019-french-infant-toddler-tds-trace-elements.md,Fruit juices,Sb,as_consumed,4,"Chekri 2019 Table 5 reports Fruit juices, n=4.",source_reported_upper_bound_mean_range,0.75,,,0.50,1.00,,,,ppb,,,direct_infant_food_category_needs_review,deterministic_parser_chekri2019_table5_food_category_ub,candidate_only_not_published,needs_review,EF-3,2,"Chekri 2019 Table 5 Fruit juices: n=4; Al 191 (42.0-314); Sb 0.75 (0.50-1.00); As 2.00 (1.00-2.00); Cd 0.30 (0.30-0.30); Cr 21.0 (5.00-29.0); Co 0.93 (0.70-1.00); Ni 25.0 (25.0-25.0); Sn 62.5 (42.0-83.0); V 0.88 (0.00-1.00) ug/kg fresh weight. Table 5 values are upper-bound concentrations in foods as consumed by French infants and toddlers (ug/kg fresh weight).","Deterministic parse of Chekri 2019 Table 5 upper-bound food-category concentration means. Mean, minimum, and maximum are source-reported UB concentrations, not percentiles.","Candidate row only; do not publish until source table, product fit, basis, species, unit, and N are reviewed. Do not infer p90/p95."
chekri2019-french-infant-toddler-tds-trace-elements-fruit-juice-not-canned-tAs,fruit-juice-not-canned,chekri2019-french-infant-toddler-tds-trace-elements,Trace element contents in foods from the first French Total Diet Study on infants and toddlers,wiki/sources/chekri2019-french-infant-toddler-tds-trace-elements.md,Fruit juices,tAs,as_consumed,4,"Chekri 2019 Table 5 reports Fruit juices, n=4.",source_reported_upper_bound_mean_range,2.00,,,1.00,2.00,,,,ppb,,,direct_infant_food_category_needs_review,deterministic_parser_chekri2019_table5_food_category_ub,candidate_only_not_published,needs_review,EF-3,3,"Chekri 2019 Table 5 Fruit juices: n=4; Al 191 (42.0-314); Sb 0.75 (0.50-1.00); As 2.00 (1.00-2.00); Cd 0.30 (0.30-0.30); Cr 21.0 (5.00-29.0); Co 0.93 (0.70-1.00); Ni 25.0 (25.0-25.0); Sn 62.5 (42.0-83.0); V 0.88 (0.00-1.00) ug/kg fresh weight. Table 5 values are upper-bound concentrations in foods as consumed by French infants and toddlers (ug/kg fresh weight).","Deterministic parse of Chekri 2019 Table 5 upper-bound food-category concentration means. Mean, minimum, and maximum are source-reported UB concentrations, not percentiles. Source reports total arsenic as As; this is not inorganic arsenic.","Candidate row only; do not publish until source table, product fit, basis, species, unit, and N are reviewed. Do not infer p90/p95."
chekri2019-french-infant-toddler-tds-trace-elements-fruit-juice-not-canned-Cd,fruit-juice-not-canned,chekri2019-french-infant-toddler-tds-trace-elements,Trace element contents in foods from the first French Total Diet Study on infants and toddlers,wiki/sources/chekri2019-french-infant-toddler-tds-trace-elements.md,Fruit juices,Cd,as_consumed,4,"Chekri 2019 Table 5 reports Fruit juices, n=4.",source_reported_upper_bound_mean_range,0.30,,,0.30,0.30,,,,ppb,,,direct_infant_food_category_needs_review,deterministic_parser_chekri2019_table5_food_category_ub,candidate_only_not_published,needs_review,EF-3,4,"Chekri 2019 Table 5 Fruit juices: n=4; Al 191 (42.0-314); Sb 0.75 (0.50-1.00); As 2.00 (1.00-2.00); Cd 0.30 (0.30-0.30); Cr 21.0 (5.00-29.0); Co 0.93 (0.70-1.00); Ni 25.0 (25.0-25.0); Sn 62.5 (42.0-83.0); V 0.88 (0.00-1.00) ug/kg fresh weight. Table 5 values are upper-bound concentrations in foods as consumed by French infants and toddlers (ug/kg fresh weight).","Deterministic parse of Chekri 2019 Table 5 upper-bound food-category concentration means. Mean, minimum, and maximum are source-reported UB concentrations, not percentiles.","Candidate row only; do not publish until source table, product fit, basis, species, unit, and N are reviewed. Do not infer p90/p95."
chekri2019-french-infant-toddler-tds-trace-elements-fruit-juice-not-canned-Cr-total,fruit-juice-not-canned,chekri2019-french-infant-toddler-tds-trace-elements,Trace element contents in foods from the first French Total Diet Study on infants and toddlers,wiki/sources/chekri2019-french-infant-toddler-tds-trace-elements.md,Fruit juices,Cr-total,as_consumed,4,"Chekri 2019 Table 5 reports Fruit juices, n=4.",source_reported_upper_bound_mean_range,21.0,,,5.00,29.0,,,,ppb,,,direct_infant_food_category_needs_review,deterministic_parser_chekri2019_table5_food_category_ub,candidate_only_not_published,needs_review,EF-3,5,"Chekri 2019 Table 5 Fruit juices: n=4; Al 191 (42.0-314); Sb 0.75 (0.50-1.00); As 2.00 (1.00-2.00); Cd 0.30 (0.30-0.30); Cr 21.0 (5.00-29.0); Co 0.93 (0.70-1.00); Ni 25.0 (25.0-25.0); Sn 62.5 (42.0-83.0); V 0.88 (0.00-1.00) ug/kg fresh weight. Table 5 values are upper-bound concentrations in foods as consumed by French infants and toddlers (ug/kg fresh weight).","Deterministic parse of Chekri 2019 Table 5 upper-bound food-category concentration means. Mean, minimum, and maximum are source-reported UB concentrations, not percentiles. Source reports chromium as Cr; this does not satisfy Cr-VI without species confirmation.","Candidate row only; do not publish until source table, product fit, basis, species, unit, and N are reviewed. Do not infer p90/p95."
chekri2019-french-infant-toddler-tds-trace-elements-fruit-juice-not-canned-Co,fruit-juice-not-canned,chekri2019-french-infant-toddler-tds-trace-elements,Trace element contents in foods from the first French Total Diet Study on infants and toddlers,wiki/sources/chekri2019-french-infant-toddler-tds-trace-elements.md,Fruit juices,Co,as_consumed,4,"Chekri 2019 Table 5 reports Fruit juices, n=4.",source_reported_upper_bound_mean_range,0.93,,,0.70,1.00,,,,ppb,,,direct_infant_food_category_needs_review,deterministic_parser_chekri2019_table5_food_category_ub,candidate_only_not_published,needs_review,EF-3,6,"Chekri 2019 Table 5 Fruit juices: n=4; Al 191 (42.0-314); Sb 0.75 (0.50-1.00); As 2.00 (1.00-2.00); Cd 0.30 (0.30-0.30); Cr 21.0 (5.00-29.0); Co 0.93 (0.70-1.00); Ni 25.0 (25.0-25.0); Sn 62.5 (42.0-83.0); V 0.88 (0.00-1.00) ug/kg fresh weight. Table 5 values are upper-bound concentrations in foods as consumed by French infants and toddlers (ug/kg fresh weight).","Deterministic parse of Chekri 2019 Table 5 upper-bound food-category concentration means. Mean, minimum, and maximum are source-reported UB concentrations, not percentiles.","Candidate row only; do not publish until source table, product fit, basis, species, unit, and N are reviewed. Do not infer p90/p95."
chekri2019-french-infant-toddler-tds-trace-elements-fruit-juice-not-canned-Ni,fruit-juice-not-canned,chekri2019-french-infant-toddler-tds-trace-elements,Trace element contents in foods from the first French Total Diet Study on infants and toddlers,wiki/sources/chekri2019-french-infant-toddler-tds-trace-elements.md,Fruit juices,Ni,as_consumed,4,"Chekri 2019 Table 5 reports Fruit juices, n=4.",source_reported_upper_bound_mean_range,25.0,,,25.0,25.0,,,,ppb,,,direct_infant_food_category_needs_review,deterministic_parser_chekri2019_table5_food_category_ub,candidate_only_not_published,needs_review,EF-3,7,"Chekri 2019 Table 5 Fruit juices: n=4; Al 191 (42.0-314); Sb 0.75 (0.50-1.00); As 2.00 (1.00-2.00); Cd 0.30 (0.30-0.30); Cr 21.0 (5.00-29.0); Co 0.93 (0.70-1.00); Ni 25.0 (25.0-25.0); Sn 62.5 (42.0-83.0); V 0.88 (0.00-1.00) ug/kg fresh weight. Table 5 values are upper-bound concentrations in foods as consumed by French infants and toddlers (ug/kg fresh weight).","Deterministic parse of Chekri 2019 Table 5 upper-bound food-category concentration means. Mean, minimum, and maximum are source-reported UB concentrations, not percentiles.","Candidate row only; do not publish until source table, product fit, basis, species, unit, and N are reviewed. Do not infer p90/p95."
chekri2019-french-infant-toddler-tds-trace-elements-fruit-juice-not-canned-Sn,fruit-juice-not-canned,chekri2019-french-infant-toddler-tds-trace-elements,Trace element contents in foods from the first French Total Diet Study on infants and toddlers,wiki/sources/chekri2019-french-infant-toddler-tds-trace-elements.md,Fruit juices,Sn,as_consumed,4,"Chekri 2019 Table 5 reports Fruit juices, n=4.",source_reported_upper_bound_mean_range,62.5,,,42.0,83.0,,,,ppb,,,direct_infant_food_category_needs_review,deterministic_parser_chekri2019_table5_food_category_ub,candidate_only_not_published,needs_review,EF-3,8,"Chekri 2019 Table 5 Fruit juices: n=4; Al 191 (42.0-314); Sb 0.75 (0.50-1.00); As 2.00 (1.00-2.00); Cd 0.30 (0.30-0.30); Cr 21.0 (5.00-29.0); Co 0.93 (0.70-1.00); Ni 25.0 (25.0-25.0); Sn 62.5 (42.0-83.0); V 0.88 (0.00-1.00) ug/kg fresh weight. Table 5 values are upper-bound concentrations in foods as consumed by French infants and toddlers (ug/kg fresh weight).","Deterministic parse of Chekri 2019 Table 5 upper-bound food-category concentration means. Mean, minimum, and maximum are source-reported UB concentrations, not percentiles.","Candidate row only; do not publish until source table, product fit, basis, species, unit, and N are reviewed. Do not infer p90/p95."
chekri2019-french-infant-toddler-tds-trace-elements-fruit-juice-not-canned-V,fruit-juice-not-canned,chekri2019-french-infant-toddler-tds-trace-elements,Trace element contents in foods from the first French Total Diet Study on infants and toddlers,wiki/sources/chekri2019-french-infant-toddler-tds-trace-elements.md,Fruit juices,V,as_consumed,4,"Chekri 2019 Table 5 reports Fruit juices, n=4.",source_reported_upper_bound_mean_range,0.88,,,0.00,1.00,,,,ppb,,,direct_infant_food_category_needs_review,deterministic_parser_chekri2019_table5_food_category_ub,candidate_only_not_published,needs_review,EF-3,9,"Chekri 2019 Table 5 Fruit juices: n=4; Al 191 (42.0-314); Sb 0.75 (0.50-1.00); As 2.00 (1.00-2.00); Cd 0.30 (0.30-0.30); Cr 21.0 (5.00-29.0); Co 0.93 (0.70-1.00); Ni 25.0 (25.0-25.0); Sn 62.5 (42.0-83.0); V 0.88 (0.00-1.00) ug/kg fresh weight. Table 5 values are upper-bound concentrations in foods as consumed by French infants and toddlers (ug/kg fresh weight).","Deterministic parse of Chekri 2019 Table 5 upper-bound food-category concentration means. Mean, minimum, and maximum are source-reported UB concentrations, not percentiles.","Candidate row only; do not publish until source table, product fit, basis, species, unit, and N are reviewed. Do not infer p90/p95."
weldegebriel2025-ethiopia-packaged-fruit-juice-metals-fruit-juice-not-canned-Cd,fruit-juice-not-canned,weldegebriel2025-ethiopia-packaged-fruit-juice-metals,"Toxic metal contamination and health risk assessment of packaged fruit juices for children in Gondar city, Ethiopia",wiki/sources/weldegebriel2025-ethiopia-packaged-fruit-juice-metals.md,"Packaged fruit juice samples, all brands",Cd,as_consumed,80,"Table 5 reports toxic-metal concentrations in fruit juice, n=80.",source_reported_median_iqr_range,,,,10,100,80,,,ppb,,,direct_packaged_fruit_juice_needs_review,deterministic_parser_weldegebriel2025_table5_fruit_juice_medians,candidate_only_not_published,needs_review,EF-3,1,"Weldegebriel 2025 Table 5 reports Cd median 0.08 mg/L, min 0.010, max 0.1; Cr median 0.004 mg/L, min 0.0003, max 0.0081; Pb median 0.035 mg/L, min 0.01, max 0.04; Ni median 0.078 mg/L, min 0.0025, max 0.08 for fruit juice (n=80).","Deterministic parse of Weldegebriel 2025 Table 5 fruit-juice medians and ranges. mg/L liquid concentrations are normalized to ppb as ug/L-equivalent; no p90 or p95 is reported or inferred.","Candidate row only; do not publish until source table, product fit, basis, species, unit, and N are reviewed. Do not infer p90/p95."
weldegebriel2025-ethiopia-packaged-fruit-juice-metals-fruit-juice-not-canned-Cr-total,fruit-juice-not-canned,weldegebriel2025-ethiopia-packaged-fruit-juice-metals,"Toxic metal contamination and health risk assessment of packaged fruit juices for children in Gondar city, Ethiopia",wiki/sources/weldegebriel2025-ethiopia-packaged-fruit-juice-metals.md,"Packaged fruit juice samples, all brands",Cr-total,as_consumed,80,"Table 5 reports toxic-metal concentrations in fruit juice, n=80.",source_reported_median_iqr_range,,,,0.3,8.1,4,,,ppb,,,direct_packaged_fruit_juice_needs_review,deterministic_parser_weldegebriel2025_table5_fruit_juice_medians,candidate_only_not_published,needs_review,EF-3,2,"Weldegebriel 2025 Table 5 reports Cd median 0.08 mg/L, min 0.010, max 0.1; Cr median 0.004 mg/L, min 0.0003, max 0.0081; Pb median 0.035 mg/L, min 0.01, max 0.04; Ni median 0.078 mg/L, min 0.0025, max 0.08 for fruit juice (n=80).","Deterministic parse of Weldegebriel 2025 Table 5 fruit-juice medians and ranges. mg/L liquid concentrations are normalized to ppb as ug/L-equivalent; no p90 or p95 is reported or inferred. Source reports Cr; this does not satisfy Cr-VI without species confirmation.","Candidate row only; do not publish until source table, product fit, basis, species, unit, and N are reviewed. Do not infer p90/p95."
weldegebriel2025-ethiopia-packaged-fruit-juice-metals-fruit-juice-not-canned-Pb,fruit-juice-not-canned,weldegebriel2025-ethiopia-packaged-fruit-juice-metals,"Toxic metal contamination and health risk assessment of packaged fruit juices for children in Gondar city, Ethiopia",wiki/sources/weldegebriel2025-ethiopia-packaged-fruit-juice-metals.md,"Packaged fruit juice samples, all brands",Pb,as_consumed,80,"Table 5 reports toxic-metal concentrations in fruit juice, n=80.",source_reported_median_iqr_range,,,,10,40,35,,,ppb,,,direct_packaged_fruit_juice_needs_review,deterministic_parser_weldegebriel2025_table5_fruit_juice_medians,candidate_only_not_published,needs_review,EF-3,3,"Weldegebriel 2025 Table 5 reports Cd median 0.08 mg/L, min 0.010, max 0.1; Cr median 0.004 mg/L, min 0.0003, max 0.0081; Pb median 0.035 mg/L, min 0.01, max 0.04; Ni median 0.078 mg/L, min 0.0025, max 0.08 for fruit juice (n=80).","Deterministic parse of Weldegebriel 2025 Table 5 fruit-juice medians and ranges. mg/L liquid concentrations are normalized to ppb as ug/L-equivalent; no p90 or p95 is reported or inferred.","Candidate row only; do not publish until source table, product fit, basis, species, unit, and N are reviewed. Do not infer p90/p95."
weldegebriel2025-ethiopia-packaged-fruit-juice-metals-fruit-juice-not-canned-Ni,fruit-juice-not-canned,weldegebriel2025-ethiopia-packaged-fruit-juice-metals,"Toxic metal contamination and health risk assessment of packaged fruit juices for children in Gondar city, Ethiopia",wiki/sources/weldegebriel2025-ethiopia-packaged-fruit-juice-metals.md,"Packaged fruit juice samples, all brands",Ni,as_consumed,80,"Table 5 reports toxic-metal concentrations in fruit juice, n=80.",source_reported_median_iqr_range,,,,2.5,80,78,,,ppb,,,direct_packaged_fruit_juice_needs_review,deterministic_parser_weldegebriel2025_table5_fruit_juice_medians,candidate_only_not_published,needs_review,EF-3,4,"Weldegebriel 2025 Table 5 reports Cd median 0.08 mg/L, min 0.010, max 0.1; Cr median 0.004 mg/L, min 0.0003, max 0.0081; Pb median 0.035 mg/L, min 0.01, max 0.04; Ni median 0.078 mg/L, min 0.0025, max 0.08 for fruit juice (n=80).","Deterministic parse of Weldegebriel 2025 Table 5 fruit-juice medians and ranges. mg/L liquid concentrations are normalized to ppb as ug/L-equivalent; no p90 or p95 is reported or inferred.","Candidate row only; do not publish until source table, product fit, basis, species, unit, and N are reviewed. Do not infer p90/p95."
chekri2019-french-infant-toddler-tds-trace-elements-fruit-purees-Al,fruit-purees,chekri2019-french-infant-toddler-tds-trace-elements,Trace element contents in foods from the first French Total Diet Study on infants and toddlers,wiki/sources/chekri2019-french-infant-toddler-tds-trace-elements.md,Fruit purees,Al,as_consumed,30,"Chekri 2019 Table 5 reports Fruit purees, n=30.",source_reported_upper_bound_mean_range,556,,,260,1420,,,,ppb,,,direct_infant_food_category_needs_review,deterministic_parser_chekri2019_table5_food_category_ub,candidate_only_not_published,needs_review,EF-3,1,"Chekri 2019 Table 5 Fruit purees: n=30; Al 556 (260-1420); Sb 0.65 (0.50-3.00); As 2.00 (1.00-8.00); Cd 0.66 (0.30-2.00); Cr 42.7 (13.0-84.0); Co 2.87 (1.00-5.00); Ni 54.7 (25.0-121); Sn 424 (42.0-3330); V 1.40 (1.00-4.00) ug/kg fresh weight. Table 5 values are upper-bound concentrations in foods as consumed by French infants and toddlers (ug/kg fresh weight).","Deterministic parse of Chekri 2019 Table 5 upper-bound food-category concentration means. Mean, minimum, and maximum are source-reported UB concentrations, not percentiles.","Candidate row only; do not publish until source table, product fit, basis, species, unit, and N are reviewed. Do not infer p90/p95."
chekri2019-french-infant-toddler-tds-trace-elements-fruit-purees-Sb,fruit-purees,chekri2019-french-infant-toddler-tds-trace-elements,Trace element contents in foods from the first French Total Diet Study on infants and toddlers,wiki/sources/chekri2019-french-infant-toddler-tds-trace-elements.md,Fruit purees,Sb,as_consumed,30,"Chekri 2019 Table 5 reports Fruit purees, n=30.",source_reported_upper_bound_mean_range,0.65,,,0.50,3.00,,,,ppb,,,direct_infant_food_category_needs_review,deterministic_parser_chekri2019_table5_food_category_ub,candidate_only_not_published,needs_review,EF-3,2,"Chekri 2019 Table 5 Fruit purees: n=30; Al 556 (260-1420); Sb 0.65 (0.50-3.00); As 2.00 (1.00-8.00); Cd 0.66 (0.30-2.00); Cr 42.7 (13.0-84.0); Co 2.87 (1.00-5.00); Ni 54.7 (25.0-121); Sn 424 (42.0-3330); V 1.40 (1.00-4.00) ug/kg fresh weight. Table 5 values are upper-bound concentrations in foods as consumed by French infants and toddlers (ug/kg fresh weight).","Deterministic parse of Chekri 2019 Table 5 upper-bound food-category concentration means. Mean, minimum, and maximum are source-reported UB concentrations, not percentiles.","Candidate row only; do not publish until source table, product fit, basis, species, unit, and N are reviewed. Do not infer p90/p95."
chekri2019-french-infant-toddler-tds-trace-elements-fruit-purees-tAs,fruit-purees,chekri2019-french-infant-toddler-tds-trace-elements,Trace element contents in foods from the first French Total Diet Study on infants and toddlers,wiki/sources/chekri2019-french-infant-toddler-tds-trace-elements.md,Fruit purees,tAs,as_consumed,30,"Chekri 2019 Table 5 reports Fruit purees, n=30.",source_reported_upper_bound_mean_range,2.00,,,1.00,8.00,,,,ppb,,,direct_infant_food_category_needs_review,deterministic_parser_chekri2019_table5_food_category_ub,candidate_only_not_published,needs_review,EF-3,3,"Chekri 2019 Table 5 Fruit purees: n=30; Al 556 (260-1420); Sb 0.65 (0.50-3.00); As 2.00 (1.00-8.00); Cd 0.66 (0.30-2.00); Cr 42.7 (13.0-84.0); Co 2.87 (1.00-5.00); Ni 54.7 (25.0-121); Sn 424 (42.0-3330); V 1.40 (1.00-4.00) ug/kg fresh weight. Table 5 values are upper-bound concentrations in foods as consumed by French infants and toddlers (ug/kg fresh weight).","Deterministic parse of Chekri 2019 Table 5 upper-bound food-category concentration means. Mean, minimum, and maximum are source-reported UB concentrations, not percentiles. Source reports total arsenic as As; this is not inorganic arsenic.","Candidate row only; do not publish until source table, product fit, basis, species, unit, and N are reviewed. Do not infer p90/p95."
chekri2019-french-infant-toddler-tds-trace-elements-fruit-purees-Cd,fruit-purees,chekri2019-french-infant-toddler-tds-trace-elements,Trace element contents in foods from the first French Total Diet Study on infants and toddlers,wiki/sources/chekri2019-french-infant-toddler-tds-trace-elements.md,Fruit purees,Cd,as_consumed,30,"Chekri 2019 Table 5 reports Fruit purees, n=30.",source_reported_upper_bound_mean_range,0.66,,,0.30,2.00,,,,ppb,,,direct_infant_food_category_needs_review,deterministic_parser_chekri2019_table5_food_category_ub,candidate_only_not_published,needs_review,EF-3,4,"Chekri 2019 Table 5 Fruit purees: n=30; Al 556 (260-1420); Sb 0.65 (0.50-3.00); As 2.00 (1.00-8.00); Cd 0.66 (0.30-2.00); Cr 42.7 (13.0-84.0); Co 2.87 (1.00-5.00); Ni 54.7 (25.0-121); Sn 424 (42.0-3330); V 1.40 (1.00-4.00) ug/kg fresh weight. Table 5 values are upper-bound concentrations in foods as consumed by French infants and toddlers (ug/kg fresh weight).","Deterministic parse of Chekri 2019 Table 5 upper-bound food-category concentration means. Mean, minimum, and maximum are source-reported UB concentrations, not percentiles.","Candidate row only; do not publish until source table, product fit, basis, species, unit, and N are reviewed. Do not infer p90/p95."
chekri2019-french-infant-toddler-tds-trace-elements-fruit-purees-Cr-total,fruit-purees,chekri2019-french-infant-toddler-tds-trace-elements,Trace element contents in foods from the first French Total Diet Study on infants and toddlers,wiki/sources/chekri2019-french-infant-toddler-tds-trace-elements.md,Fruit purees,Cr-total,as_consumed,30,"Chekri 2019 Table 5 reports Fruit purees, n=30.",source_reported_upper_bound_mean_range,42.7,,,13.0,84.0,,,,ppb,,,direct_infant_food_category_needs_review,deterministic_parser_chekri2019_table5_food_category_ub,candidate_only_not_published,needs_review,EF-3,5,"Chekri 2019 Table 5 Fruit purees: n=30; Al 556 (260-1420); Sb 0.65 (0.50-3.00); As 2.00 (1.00-8.00); Cd 0.66 (0.30-2.00); Cr 42.7 (13.0-84.0); Co 2.87 (1.00-5.00); Ni 54.7 (25.0-121); Sn 424 (42.0-3330); V 1.40 (1.00-4.00) ug/kg fresh weight. Table 5 values are upper-bound concentrations in foods as consumed by French infants and toddlers (ug/kg fresh weight).","Deterministic parse of Chekri 2019 Table 5 upper-bound food-category concentration means. Mean, minimum, and maximum are source-reported UB concentrations, not percentiles. Source reports chromium as Cr; this does not satisfy Cr-VI without species confirmation.","Candidate row only; do not publish until source table, product fit, basis, species, unit, and N are reviewed. Do not infer p90/p95."
chekri2019-french-infant-toddler-tds-trace-elements-fruit-purees-Co,fruit-purees,chekri2019-french-infant-toddler-tds-trace-elements,Trace element contents in foods from the first French Total Diet Study on infants and toddlers,wiki/sources/chekri2019-french-infant-toddler-tds-trace-elements.md,Fruit purees,Co,as_consumed,30,"Chekri 2019 Table 5 reports Fruit purees, n=30.",source_reported_upper_bound_mean_range,2.87,,,1.00,5.00,,,,ppb,,,direct_infant_food_category_needs_review,deterministic_parser_chekri2019_table5_food_category_ub,candidate_only_not_published,needs_review,EF-3,6,"Chekri 2019 Table 5 Fruit purees: n=30; Al 556 (260-1420); Sb 0.65 (0.50-3.00); As 2.00 (1.00-8.00); Cd 0.66 (0.30-2.00); Cr 42.7 (13.0-84.0); Co 2.87 (1.00-5.00); Ni 54.7 (25.0-121); Sn 424 (42.0-3330); V 1.40 (1.00-4.00) ug/kg fresh weight. Table 5 values are upper-bound concentrations in foods as consumed by French infants and toddlers (ug/kg fresh weight).","Deterministic parse of Chekri 2019 Table 5 upper-bound food-category concentration means. Mean, minimum, and maximum are source-reported UB concentrations, not percentiles.","Candidate row only; do not publish until source table, product fit, basis, species, unit, and N are reviewed. Do not infer p90/p95."
chekri2019-french-infant-toddler-tds-trace-elements-fruit-purees-Ni,fruit-purees,chekri2019-french-infant-toddler-tds-trace-elements,Trace element contents in foods from the first French Total Diet Study on infants and toddlers,wiki/sources/chekri2019-french-infant-toddler-tds-trace-elements.md,Fruit purees,Ni,as_consumed,30,"Chekri 2019 Table 5 reports Fruit purees, n=30.",source_reported_upper_bound_mean_range,54.7,,,25.0,121,,,,ppb,,,direct_infant_food_category_needs_review,deterministic_parser_chekri2019_table5_food_category_ub,candidate_only_not_published,needs_review,EF-3,7,"Chekri 2019 Table 5 Fruit purees: n=30; Al 556 (260-1420); Sb 0.65 (0.50-3.00); As 2.00 (1.00-8.00); Cd 0.66 (0.30-2.00); Cr 42.7 (13.0-84.0); Co 2.87 (1.00-5.00); Ni 54.7 (25.0-121); Sn 424 (42.0-3330); V 1.40 (1.00-4.00) ug/kg fresh weight. Table 5 values are upper-bound concentrations in foods as consumed by French infants and toddlers (ug/kg fresh weight).","Deterministic parse of Chekri 2019 Table 5 upper-bound food-category concentration means. Mean, minimum, and maximum are source-reported UB concentrations, not percentiles.","Candidate row only; do not publish until source table, product fit, basis, species, unit, and N are reviewed. Do not infer p90/p95."
chekri2019-french-infant-toddler-tds-trace-elements-fruit-purees-Sn,fruit-purees,chekri2019-french-infant-toddler-tds-trace-elements,Trace element contents in foods from the first French Total Diet Study on infants and toddlers,wiki/sources/chekri2019-french-infant-toddler-tds-trace-elements.md,Fruit purees,Sn,as_consumed,30,"Chekri 2019 Table 5 reports Fruit purees, n=30.",source_reported_upper_bound_mean_range,424,,,42.0,3330,,,,ppb,,,direct_infant_food_category_needs_review,deterministic_parser_chekri2019_table5_food_category_ub,candidate_only_not_published,needs_review,EF-3,8,"Chekri 2019 Table 5 Fruit purees: n=30; Al 556 (260-1420); Sb 0.65 (0.50-3.00); As 2.00 (1.00-8.00); Cd 0.66 (0.30-2.00); Cr 42.7 (13.0-84.0); Co 2.87 (1.00-5.00); Ni 54.7 (25.0-121); Sn 424 (42.0-3330); V 1.40 (1.00-4.00) ug/kg fresh weight. Table 5 values are upper-bound concentrations in foods as consumed by French infants and toddlers (ug/kg fresh weight).","Deterministic parse of Chekri 2019 Table 5 upper-bound food-category concentration means. Mean, minimum, and maximum are source-reported UB concentrations, not percentiles.","Candidate row only; do not publish until source table, product fit, basis, species, unit, and N are reviewed. Do not infer p90/p95."
chekri2019-french-infant-toddler-tds-trace-elements-fruit-purees-V,fruit-purees,chekri2019-french-infant-toddler-tds-trace-elements,Trace element contents in foods from the first French Total Diet Study on infants and toddlers,wiki/sources/chekri2019-french-infant-toddler-tds-trace-elements.md,Fruit purees,V,as_consumed,30,"Chekri 2019 Table 5 reports Fruit purees, n=30.",source_reported_upper_bound_mean_range,1.40,,,1.00,4.00,,,,ppb,,,direct_infant_food_category_needs_review,deterministic_parser_chekri2019_table5_food_category_ub,candidate_only_not_published,needs_review,EF-3,9,"Chekri 2019 Table 5 Fruit purees: n=30; Al 556 (260-1420); Sb 0.65 (0.50-3.00); As 2.00 (1.00-8.00); Cd 0.66 (0.30-2.00); Cr 42.7 (13.0-84.0); Co 2.87 (1.00-5.00); Ni 54.7 (25.0-121); Sn 424 (42.0-3330); V 1.40 (1.00-4.00) ug/kg fresh weight. Table 5 values are upper-bound concentrations in foods as consumed by French infants and toddlers (ug/kg fresh weight).","Deterministic parse of Chekri 2019 Table 5 upper-bound food-category concentration means. Mean, minimum, and maximum are source-reported UB concentrations, not percentiles.","Candidate row only; do not publish until source table, product fit, basis, species, unit, and N are reviewed. Do not infer p90/p95."
fsa2016-infant-food-formula-metals-survey-fruit-purees-fruit-based-foods-and-dishes-Al,fruit-purees,fsa2016-infant-food-formula-metals-survey,"Survey of metals in commercial infant foods, infant formula and non-infant specific foods",wiki/sources/fsa2016-infant-food-formula-metals-survey.md,Fruit based foods and dishes,Al,as_consumed,,"FSA/Fera Table 3 reports commercial infant-food category means; the fruit-based foods and dishes category N is not reported in Table 3.",source_reported_mean,1125,,,,,,,,ppb,,,direct_fruit_based_infant_foods_needs_review,deterministic_parser_fsa2016_table3_fruit_based_infant_foods,candidate_only_not_published,needs_review,EF-3,1,"Fruit based foods and dishes: Al 1125; Sb 0-3; As 9; iAs 1-4; Cd 2-3; Cr 43-54; Cu 862; I 22-27; Fe 7543; Pb 1-3; Mn 2436; Hg 0-1; Ni 92-117; Se 6-7; Sn 43-50; Zn 4993-5002 ug/kg. Table 3 commercial infant foods; values are as-consumed concentrations in ug/kg fresh weight. Values are lower-bound to upper-bound means where ranges are shown; iAs may include source-estimated values using 70% of tAs.","Deterministic parse of FSA/Fera Table 3 fruit based foods and dishes concentration means in ug/kg fresh weight. LB/UB values are source lower-bound/upper-bound concentration means, not min/max and not percentiles.","Candidate row only; do not publish until source table, product fit, basis, species, unit, and N are reviewed. Do not infer p90/p95."
fsa2016-infant-food-formula-metals-survey-fruit-purees-fruit-based-foods-and-dishes-Sb,fruit-purees,fsa2016-infant-food-formula-metals-survey,"Survey of metals in commercial infant foods, infant formula and non-infant specific foods",wiki/sources/fsa2016-infant-food-formula-metals-survey.md,Fruit based foods and dishes,Sb,as_consumed,,"FSA/Fera Table 3 reports commercial infant-food category means; the fruit-based foods and dishes category N is not reported in Table 3.",source_reported_lb_ub_mean,,0,3,,,,,,ppb,,,direct_fruit_based_infant_foods_needs_review,deterministic_parser_fsa2016_table3_fruit_based_infant_foods,candidate_only_not_published,needs_review,EF-3,2,"Fruit based foods and dishes: Al 1125; Sb 0-3; As 9; iAs 1-4; Cd 2-3; Cr 43-54; Cu 862; I 22-27; Fe 7543; Pb 1-3; Mn 2436; Hg 0-1; Ni 92-117; Se 6-7; Sn 43-50; Zn 4993-5002 ug/kg. Table 3 commercial infant foods; values are as-consumed concentrations in ug/kg fresh weight. Values are lower-bound to upper-bound means where ranges are shown; iAs may include source-estimated values using 70% of tAs.","Deterministic parse of FSA/Fera Table 3 fruit based foods and dishes concentration means in ug/kg fresh weight. LB/UB values are source lower-bound/upper-bound concentration means, not min/max and not percentiles.","Candidate row only; do not publish until source table, product fit, basis, species, unit, and N are reviewed. Do not infer p90/p95."
fsa2016-infant-food-formula-metals-survey-fruit-purees-fruit-based-foods-and-dishes-tAs,fruit-purees,fsa2016-infant-food-formula-metals-survey,"Survey of metals in commercial infant foods, infant formula and non-infant specific foods",wiki/sources/fsa2016-infant-food-formula-metals-survey.md,Fruit based foods and dishes,tAs,as_consumed,,"FSA/Fera Table 3 reports commercial infant-food category means; the fruit-based foods and dishes category N is not reported in Table 3.",source_reported_mean,9,,,,,,,,ppb,,,direct_fruit_based_infant_foods_needs_review,deterministic_parser_fsa2016_table3_fruit_based_infant_foods,candidate_only_not_published,needs_review,EF-3,3,"Fruit based foods and dishes: Al 1125; Sb 0-3; As 9; iAs 1-4; Cd 2-3; Cr 43-54; Cu 862; I 22-27; Fe 7543; Pb 1-3; Mn 2436; Hg 0-1; Ni 92-117; Se 6-7; Sn 43-50; Zn 4993-5002 ug/kg. Table 3 commercial infant foods; values are as-consumed concentrations in ug/kg fresh weight. Values are lower-bound to upper-bound means where ranges are shown; iAs may include source-estimated values using 70% of tAs.","Deterministic parse of FSA/Fera Table 3 fruit based foods and dishes concentration means in ug/kg fresh weight. LB/UB values are source lower-bound/upper-bound concentration means, not min/max and not percentiles.","Candidate row only; do not publish until source table, product fit, basis, species, unit, and N are reviewed. Do not infer p90/p95."
fsa2016-infant-food-formula-metals-survey-fruit-purees-fruit-based-foods-and-dishes-iAs,fruit-purees,fsa2016-infant-food-formula-metals-survey,"Survey of metals in commercial infant foods, infant formula and non-infant specific foods",wiki/sources/fsa2016-infant-food-formula-metals-survey.md,Fruit based foods and dishes,iAs,as_consumed,,"FSA/Fera Table 3 reports commercial infant-food category means; the fruit-based foods and dishes category N is not reported in Table 3.",source_reported_lb_ub_mean,,1,4,,,,,,ppb,,,direct_fruit_based_infant_foods_needs_review,deterministic_parser_fsa2016_table3_fruit_based_infant_foods,candidate_only_not_published,needs_review,EF-3,4,"Fruit based foods and dishes: Al 1125; Sb 0-3; As 9; iAs 1-4; Cd 2-3; Cr 43-54; Cu 862; I 22-27; Fe 7543; Pb 1-3; Mn 2436; Hg 0-1; Ni 92-117; Se 6-7; Sn 43-50; Zn 4993-5002 ug/kg. Table 3 commercial infant foods; values are as-consumed concentrations in ug/kg fresh weight. Values are lower-bound to upper-bound means where ranges are shown; iAs may include source-estimated values using 70% of tAs.","Deterministic parse of FSA/Fera Table 3 fruit based foods and dishes concentration means in ug/kg fresh weight. LB/UB values are source lower-bound/upper-bound concentration means, not min/max and not percentiles. Source estimates iAs for some samples using a 70% tAs factor; retain as estimated iAs candidate pending review.","Candidate row only; do not publish until source table, product fit, basis, species, unit, and N are reviewed. Do not infer p90/p95."
fsa2016-infant-food-formula-metals-survey-fruit-purees-fruit-based-foods-and-dishes-Cd,fruit-purees,fsa2016-infant-food-formula-metals-survey,"Survey of metals in commercial infant foods, infant formula and non-infant specific foods",wiki/sources/fsa2016-infant-food-formula-metals-survey.md,Fruit based foods and dishes,Cd,as_consumed,,"FSA/Fera Table 3 reports commercial infant-food category means; the fruit-based foods and dishes category N is not reported in Table 3.",source_reported_lb_ub_mean,,2,3,,,,,,ppb,,,direct_fruit_based_infant_foods_needs_review,deterministic_parser_fsa2016_table3_fruit_based_infant_foods,candidate_only_not_published,needs_review,EF-3,5,"Fruit based foods and dishes: Al 1125; Sb 0-3; As 9; iAs 1-4; Cd 2-3; Cr 43-54; Cu 862; I 22-27; Fe 7543; Pb 1-3; Mn 2436; Hg 0-1; Ni 92-117; Se 6-7; Sn 43-50; Zn 4993-5002 ug/kg. Table 3 commercial infant foods; values are as-consumed concentrations in ug/kg fresh weight. Values are lower-bound to upper-bound means where ranges are shown; iAs may include source-estimated values using 70% of tAs.","Deterministic parse of FSA/Fera Table 3 fruit based foods and dishes concentration means in ug/kg fresh weight. LB/UB values are source lower-bound/upper-bound concentration means, not min/max and not percentiles.","Candidate row only; do not publish until source table, product fit, basis, species, unit, and N are reviewed. Do not infer p90/p95."
fsa2016-infant-food-formula-metals-survey-fruit-purees-fruit-based-foods-and-dishes-Cr-total,fruit-purees,fsa2016-infant-food-formula-metals-survey,"Survey of metals in commercial infant foods, infant formula and non-infant specific foods",wiki/sources/fsa2016-infant-food-formula-metals-survey.md,Fruit based foods and dishes,Cr-total,as_consumed,,"FSA/Fera Table 3 reports commercial infant-food category means; the fruit-based foods and dishes category N is not reported in Table 3.",source_reported_lb_ub_mean,,43,54,,,,,,ppb,,,direct_fruit_based_infant_foods_needs_review,deterministic_parser_fsa2016_table3_fruit_based_infant_foods,candidate_only_not_published,needs_review,EF-3,6,"Fruit based foods and dishes: Al 1125; Sb 0-3; As 9; iAs 1-4; Cd 2-3; Cr 43-54; Cu 862; I 22-27; Fe 7543; Pb 1-3; Mn 2436; Hg 0-1; Ni 92-117; Se 6-7; Sn 43-50; Zn 4993-5002 ug/kg. Table 3 commercial infant foods; values are as-consumed concentrations in ug/kg fresh weight. Values are lower-bound to upper-bound means where ranges are shown; iAs may include source-estimated values using 70% of tAs.","Deterministic parse of FSA/Fera Table 3 fruit based foods and dishes concentration means in ug/kg fresh weight. LB/UB values are source lower-bound/upper-bound concentration means, not min/max and not percentiles. Source reports Cr; this does not satisfy Cr-VI without species confirmation.","Candidate row only; do not publish until source table, product fit, basis, species, unit, and N are reviewed. Do not infer p90/p95."
fsa2016-infant-food-formula-metals-survey-fruit-purees-fruit-based-foods-and-dishes-Cu,fruit-purees,fsa2016-infant-food-formula-metals-survey,"Survey of metals in commercial infant foods, infant formula and non-infant specific foods",wiki/sources/fsa2016-infant-food-formula-metals-survey.md,Fruit based foods and dishes,Cu,as_consumed,,"FSA/Fera Table 3 reports commercial infant-food category means; the fruit-based foods and dishes category N is not reported in Table 3.",source_reported_mean,862,,,,,,,,ppb,,,direct_fruit_based_infant_foods_needs_review,deterministic_parser_fsa2016_table3_fruit_based_infant_foods,candidate_only_not_published,needs_review,EF-3,7,"Fruit based foods and dishes: Al 1125; Sb 0-3; As 9; iAs 1-4; Cd 2-3; Cr 43-54; Cu 862; I 22-27; Fe 7543; Pb 1-3; Mn 2436; Hg 0-1; Ni 92-117; Se 6-7; Sn 43-50; Zn 4993-5002 ug/kg. Table 3 commercial infant foods; values are as-consumed concentrations in ug/kg fresh weight. Values are lower-bound to upper-bound means where ranges are shown; iAs may include source-estimated values using 70% of tAs.","Deterministic parse of FSA/Fera Table 3 fruit based foods and dishes concentration means in ug/kg fresh weight. LB/UB values are source lower-bound/upper-bound concentration means, not min/max and not percentiles.","Candidate row only; do not publish until source table, product fit, basis, species, unit, and N are reviewed. Do not infer p90/p95."
fsa2016-infant-food-formula-metals-survey-fruit-purees-fruit-based-foods-and-dishes-I,fruit-purees,fsa2016-infant-food-formula-metals-survey,"Survey of metals in commercial infant foods, infant formula and non-infant specific foods",wiki/sources/fsa2016-infant-food-formula-metals-survey.md,Fruit based foods and dishes,I,as_consumed,,"FSA/Fera Table 3 reports commercial infant-food category means; the fruit-based foods and dishes category N is not reported in Table 3.",source_reported_lb_ub_mean,,22,27,,,,,,ppb,,,direct_fruit_based_infant_foods_needs_review,deterministic_parser_fsa2016_table3_fruit_based_infant_foods,candidate_only_not_published,needs_review,EF-3,8,"Fruit based foods and dishes: Al 1125; Sb 0-3; As 9; iAs 1-4; Cd 2-3; Cr 43-54; Cu 862; I 22-27; Fe 7543; Pb 1-3; Mn 2436; Hg 0-1; Ni 92-117; Se 6-7; Sn 43-50; Zn 4993-5002 ug/kg. Table 3 commercial infant foods; values are as-consumed concentrations in ug/kg fresh weight. Values are lower-bound to upper-bound means where ranges are shown; iAs may include source-estimated values using 70% of tAs.","Deterministic parse of FSA/Fera Table 3 fruit based foods and dishes concentration means in ug/kg fresh weight. LB/UB values are source lower-bound/upper-bound concentration means, not min/max and not percentiles.","Candidate row only; do not publish until source table, product fit, basis, species, unit, and N are reviewed. Do not infer p90/p95."
fsa2016-infant-food-formula-metals-survey-fruit-purees-fruit-based-foods-and-dishes-Fe,fruit-purees,fsa2016-infant-food-formula-metals-survey,"Survey of metals in commercial infant foods, infant formula and non-infant specific foods",wiki/sources/fsa2016-infant-food-formula-metals-survey.md,Fruit based foods and dishes,Fe,as_consumed,,"FSA/Fera Table 3 reports commercial infant-food category means; the fruit-based foods and dishes category N is not reported in Table 3.",source_reported_mean,7543,,,,,,,,ppb,,,direct_fruit_based_infant_foods_needs_review,deterministic_parser_fsa2016_table3_fruit_based_infant_foods,candidate_only_not_published,needs_review,EF-3,9,"Fruit based foods and dishes: Al 1125; Sb 0-3; As 9; iAs 1-4; Cd 2-3; Cr 43-54; Cu 862; I 22-27; Fe 7543; Pb 1-3; Mn 2436; Hg 0-1; Ni 92-117; Se 6-7; Sn 43-50; Zn 4993-5002 ug/kg. Table 3 commercial infant foods; values are as-consumed concentrations in ug/kg fresh weight. Values are lower-bound to upper-bound means where ranges are shown; iAs may include source-estimated values using 70% of tAs.","Deterministic parse of FSA/Fera Table 3 fruit based foods and dishes concentration means in ug/kg fresh weight. LB/UB values are source lower-bound/upper-bound concentration means, not min/max and not percentiles.","Candidate row only; do not publish until source table, product fit, basis, species, unit, and N are reviewed. Do not infer p90/p95."
fsa2016-infant-food-formula-metals-survey-fruit-purees-fruit-based-foods-and-dishes-Pb,fruit-purees,fsa2016-infant-food-formula-metals-survey,"Survey of metals in commercial infant foods, infant formula and non-infant specific foods",wiki/sources/fsa2016-infant-food-formula-metals-survey.md,Fruit based foods and dishes,Pb,as_consumed,,"FSA/Fera Table 3 reports commercial infant-food category means; the fruit-based foods and dishes category N is not reported in Table 3.",source_reported_lb_ub_mean,,1,3,,,,,,ppb,,,direct_fruit_based_infant_foods_needs_review,deterministic_parser_fsa2016_table3_fruit_based_infant_foods,candidate_only_not_published,needs_review,EF-3,10,"Fruit based foods and dishes: Al 1125; Sb 0-3; As 9; iAs 1-4; Cd 2-3; Cr 43-54; Cu 862; I 22-27; Fe 7543; Pb 1-3; Mn 2436; Hg 0-1; Ni 92-117; Se 6-7; Sn 43-50; Zn 4993-5002 ug/kg. Table 3 commercial infant foods; values are as-consumed concentrations in ug/kg fresh weight. Values are lower-bound to upper-bound means where ranges are shown; iAs may include source-estimated values using 70% of tAs.","Deterministic parse of FSA/Fera Table 3 fruit based foods and dishes concentration means in ug/kg fresh weight. LB/UB values are source lower-bound/upper-bound concentration means, not min/max and not percentiles.","Candidate row only; do not publish until source table, product fit, basis, species, unit, and N are reviewed. Do not infer p90/p95."
fsa2016-infant-food-formula-metals-survey-fruit-purees-fruit-based-foods-and-dishes-Mn,fruit-purees,fsa2016-infant-food-formula-metals-survey,"Survey of metals in commercial infant foods, infant formula and non-infant specific foods",wiki/sources/fsa2016-infant-food-formula-metals-survey.md,Fruit based foods and dishes,Mn,as_consumed,,"FSA/Fera Table 3 reports commercial infant-food category means; the fruit-based foods and dishes category N is not reported in Table 3.",source_reported_mean,2436,,,,,,,,ppb,,,direct_fruit_based_infant_foods_needs_review,deterministic_parser_fsa2016_table3_fruit_based_infant_foods,candidate_only_not_published,needs_review,EF-3,11,"Fruit based foods and dishes: Al 1125; Sb 0-3; As 9; iAs 1-4; Cd 2-3; Cr 43-54; Cu 862; I 22-27; Fe 7543; Pb 1-3; Mn 2436; Hg 0-1; Ni 92-117; Se 6-7; Sn 43-50; Zn 4993-5002 ug/kg. Table 3 commercial infant foods; values are as-consumed concentrations in ug/kg fresh weight. Values are lower-bound to upper-bound means where ranges are shown; iAs may include source-estimated values using 70% of tAs.","Deterministic parse of FSA/Fera Table 3 fruit based foods and dishes concentration means in ug/kg fresh weight. LB/UB values are source lower-bound/upper-bound concentration means, not min/max and not percentiles.","Candidate row only; do not publish until source table, product fit, basis, species, unit, and N are reviewed. Do not infer p90/p95."
fsa2016-infant-food-formula-metals-survey-fruit-purees-fruit-based-foods-and-dishes-tHg,fruit-purees,fsa2016-infant-food-formula-metals-survey,"Survey of metals in commercial infant foods, infant formula and non-infant specific foods",wiki/sources/fsa2016-infant-food-formula-metals-survey.md,Fruit based foods and dishes,tHg,as_consumed,,"FSA/Fera Table 3 reports commercial infant-food category means; the fruit-based foods and dishes category N is not reported in Table 3.",source_reported_lb_ub_mean,,0,1,,,,,,ppb,,,direct_fruit_based_infant_foods_needs_review,deterministic_parser_fsa2016_table3_fruit_based_infant_foods,candidate_only_not_published,needs_review,EF-3,12,"Fruit based foods and dishes: Al 1125; Sb 0-3; As 9; iAs 1-4; Cd 2-3; Cr 43-54; Cu 862; I 22-27; Fe 7543; Pb 1-3; Mn 2436; Hg 0-1; Ni 92-117; Se 6-7; Sn 43-50; Zn 4993-5002 ug/kg. Table 3 commercial infant foods; values are as-consumed concentrations in ug/kg fresh weight. Values are lower-bound to upper-bound means where ranges are shown; iAs may include source-estimated values using 70% of tAs.","Deterministic parse of FSA/Fera Table 3 fruit based foods and dishes concentration means in ug/kg fresh weight. LB/UB values are source lower-bound/upper-bound concentration means, not min/max and not percentiles.","Candidate row only; do not publish until source table, product fit, basis, species, unit, and N are reviewed. Do not infer p90/p95."
fsa2016-infant-food-formula-metals-survey-fruit-purees-fruit-based-foods-and-dishes-Ni,fruit-purees,fsa2016-infant-food-formula-metals-survey,"Survey of metals in commercial infant foods, infant formula and non-infant specific foods",wiki/sources/fsa2016-infant-food-formula-metals-survey.md,Fruit based foods and dishes,Ni,as_consumed,,"FSA/Fera Table 3 reports commercial infant-food category means; the fruit-based foods and dishes category N is not reported in Table 3.",source_reported_lb_ub_mean,,92,117,,,,,,ppb,,,direct_fruit_based_infant_foods_needs_review,deterministic_parser_fsa2016_table3_fruit_based_infant_foods,candidate_only_not_published,needs_review,EF-3,13,"Fruit based foods and dishes: Al 1125; Sb 0-3; As 9; iAs 1-4; Cd 2-3; Cr 43-54; Cu 862; I 22-27; Fe 7543; Pb 1-3; Mn 2436; Hg 0-1; Ni 92-117; Se 6-7; Sn 43-50; Zn 4993-5002 ug/kg. Table 3 commercial infant foods; values are as-consumed concentrations in ug/kg fresh weight. Values are lower-bound to upper-bound means where ranges are shown; iAs may include source-estimated values using 70% of tAs.","Deterministic parse of FSA/Fera Table 3 fruit based foods and dishes concentration means in ug/kg fresh weight. LB/UB values are source lower-bound/upper-bound concentration means, not min/max and not percentiles.","Candidate row only; do not publish until source table, product fit, basis, species, unit, and N are reviewed. Do not infer p90/p95."
fsa2016-infant-food-formula-metals-survey-fruit-purees-fruit-based-foods-and-dishes-Se,fruit-purees,fsa2016-infant-food-formula-metals-survey,"Survey of metals in commercial infant foods, infant formula and non-infant specific foods",wiki/sources/fsa2016-infant-food-formula-metals-survey.md,Fruit based foods and dishes,Se,as_consumed,,"FSA/Fera Table 3 reports commercial infant-food category means; the fruit-based foods and dishes category N is not reported in Table 3.",source_reported_lb_ub_mean,,6,7,,,,,,ppb,,,direct_fruit_based_infant_foods_needs_review,deterministic_parser_fsa2016_table3_fruit_based_infant_foods,candidate_only_not_published,needs_review,EF-3,14,"Fruit based foods and dishes: Al 1125; Sb 0-3; As 9; iAs 1-4; Cd 2-3; Cr 43-54; Cu 862; I 22-27; Fe 7543; Pb 1-3; Mn 2436; Hg 0-1; Ni 92-117; Se 6-7; Sn 43-50; Zn 4993-5002 ug/kg. Table 3 commercial infant foods; values are as-consumed concentrations in ug/kg fresh weight. Values are lower-bound to upper-bound means where ranges are shown; iAs may include source-estimated values using 70% of tAs.","Deterministic parse of FSA/Fera Table 3 fruit based foods and dishes concentration means in ug/kg fresh weight. LB/UB values are source lower-bound/upper-bound concentration means, not min/max and not percentiles.","Candidate row only; do not publish until source table, product fit, basis, species, unit, and N are reviewed. Do not infer p90/p95."
fsa2016-infant-food-formula-metals-survey-fruit-purees-fruit-based-foods-and-dishes-Sn,fruit-purees,fsa2016-infant-food-formula-metals-survey,"Survey of metals in commercial infant foods, infant formula and non-infant specific foods",wiki/sources/fsa2016-infant-food-formula-metals-survey.md,Fruit based foods and dishes,Sn,as_consumed,,"FSA/Fera Table 3 reports commercial infant-food category means; the fruit-based foods and dishes category N is not reported in Table 3.",source_reported_lb_ub_mean,,43,50,,,,,,ppb,,,direct_fruit_based_infant_foods_needs_review,deterministic_parser_fsa2016_table3_fruit_based_infant_foods,candidate_only_not_published,needs_review,EF-3,15,"Fruit based foods and dishes: Al 1125; Sb 0-3; As 9; iAs 1-4; Cd 2-3; Cr 43-54; Cu 862; I 22-27; Fe 7543; Pb 1-3; Mn 2436; Hg 0-1; Ni 92-117; Se 6-7; Sn 43-50; Zn 4993-5002 ug/kg. Table 3 commercial infant foods; values are as-consumed concentrations in ug/kg fresh weight. Values are lower-bound to upper-bound means where ranges are shown; iAs may include source-estimated values using 70% of tAs.","Deterministic parse of FSA/Fera Table 3 fruit based foods and dishes concentration means in ug/kg fresh weight. LB/UB values are source lower-bound/upper-bound concentration means, not min/max and not percentiles.","Candidate row only; do not publish until source table, product fit, basis, species, unit, and N are reviewed. Do not infer p90/p95."
fsa2016-infant-food-formula-metals-survey-fruit-purees-fruit-based-foods-and-dishes-Zn,fruit-purees,fsa2016-infant-food-formula-metals-survey,"Survey of metals in commercial infant foods, infant formula and non-infant specific foods",wiki/sources/fsa2016-infant-food-formula-metals-survey.md,Fruit based foods and dishes,Zn,as_consumed,,"FSA/Fera Table 3 reports commercial infant-food category means; the fruit-based foods and dishes category N is not reported in Table 3.",source_reported_lb_ub_mean,,4993,5002,,,,,,ppb,,,direct_fruit_based_infant_foods_needs_review,deterministic_parser_fsa2016_table3_fruit_based_infant_foods,candidate_only_not_published,needs_review,EF-3,16,"Fruit based foods and dishes: Al 1125; Sb 0-3; As 9; iAs 1-4; Cd 2-3; Cr 43-54; Cu 862; I 22-27; Fe 7543; Pb 1-3; Mn 2436; Hg 0-1; Ni 92-117; Se 6-7; Sn 43-50; Zn 4993-5002 ug/kg. Table 3 commercial infant foods; values are as-consumed concentrations in ug/kg fresh weight. Values are lower-bound to upper-bound means where ranges are shown; iAs may include source-estimated values using 70% of tAs.","Deterministic parse of FSA/Fera Table 3 fruit based foods and dishes concentration means in ug/kg fresh weight. LB/UB values are source lower-bound/upper-bound concentration means, not min/max and not percentiles.","Candidate row only; do not publish until source table, product fit, basis, species, unit, and N are reviewed. Do not infer p90/p95."
meli2024-chemical-characterization-baby-food-italy-fruit-purees-Al,fruit-purees,meli2024-chemical-characterization-baby-food-italy,Chemical characterization of baby food consumed in Italy,wiki/sources/meli2024-chemical-characterization-baby-food-italy.md,"Homogenized fruit products, mean",Al,wet_weight,3,"Table 5 reports three homogenized fruit products: apple, pear, and banana.",source_reported_category_mean,580,,,,,,,,ppb,,,direct_baby_food_category_mean_needs_review,deterministic_parser_meli2024_table5_category_means,candidate_only_not_published,needs_review,EF-3,1,"Meli 2024 Table 5 Fruit mean: Al 0.580; As <0.0197; Hg 0.0072; Ni 0.137; Sn 0.098 mg/kg wet weight. Table 2 reports Cd LOD 0.005 mg/kg and Pb LOD 0.10 mg/kg, with zero samples above LOD across the study. Values are Table 5 category means in mg/kg wet weight, normalized to ppb.","Deterministic parse of Meli 2024 Table 5 category mean concentrations. Rows are source-reported category means, not sample distributions or percentiles.","Candidate row only; do not publish until source table, product fit, basis, species, unit, and N are reviewed. Do not infer p90/p95."
meli2024-chemical-characterization-baby-food-italy-fruit-purees-tAs,fruit-purees,meli2024-chemical-characterization-baby-food-italy,Chemical characterization of baby food consumed in Italy,wiki/sources/meli2024-chemical-characterization-baby-food-italy.md,"Homogenized fruit products, mean",tAs,wet_weight,3,"Table 5 reports three homogenized fruit products: apple, pear, and banana.",source_reported_censored_category_mean,,,,,,,,,ppb,less_than,19.7,direct_baby_food_category_mean_needs_review,deterministic_parser_meli2024_table5_category_means,candidate_only_not_published,needs_review,EF-3,2,"Meli 2024 Table 5 Fruit mean: Al 0.580; As <0.0197; Hg 0.0072; Ni 0.137; Sn 0.098 mg/kg wet weight. Table 2 reports Cd LOD 0.005 mg/kg and Pb LOD 0.10 mg/kg, with zero samples above LOD across the study. Values are Table 5 category means in mg/kg wet weight, normalized to ppb.","Deterministic parse of Meli 2024 Table 5 category mean concentrations. Rows are source-reported category means, not sample distributions or percentiles. Source reports As; retained as total/unspecified arsenic candidate, not iAs. <0.0197 mg/kg wet weight retained as a censored source table value.","Candidate row only; do not publish until source table, product fit, basis, species, unit, and N are reviewed. Do not infer p90/p95."
meli2024-chemical-characterization-baby-food-italy-fruit-purees-Cd,fruit-purees,meli2024-chemical-characterization-baby-food-italy,Chemical characterization of baby food consumed in Italy,wiki/sources/meli2024-chemical-characterization-baby-food-italy.md,"Homogenized fruit products, mean",Cd,wet_weight,3,"Table 5 reports three homogenized fruit products: apple, pear, and banana.",source_reported_censored_category_mean,,,,,,,,,ppb,less_than,5,direct_baby_food_category_mean_needs_review,deterministic_parser_meli2024_table5_category_means,candidate_only_not_published,needs_review,EF-3,3,"Meli 2024 Table 5 Fruit mean: Al 0.580; As <0.0197; Hg 0.0072; Ni 0.137; Sn 0.098 mg/kg wet weight. Table 2 reports Cd LOD 0.005 mg/kg and Pb LOD 0.10 mg/kg, with zero samples above LOD across the study. Values are Table 5 category means in mg/kg wet weight, normalized to ppb.","Deterministic parse of Meli 2024 Table 5 category mean concentrations. Rows are source-reported category means, not sample distributions or percentiles. Table 2 reports zero samples above LOD for this analyte across the study; retained as a censored source-table value. <0.005 mg/kg wet weight retained as a censored source table value.","Candidate row only; do not publish until source table, product fit, basis, species, unit, and N are reviewed. Do not infer p90/p95."
meli2024-chemical-characterization-baby-food-italy-fruit-purees-tHg,fruit-purees,meli2024-chemical-characterization-baby-food-italy,Chemical characterization of baby food consumed in Italy,wiki/sources/meli2024-chemical-characterization-baby-food-italy.md,"Homogenized fruit products, mean",tHg,wet_weight,3,"Table 5 reports three homogenized fruit products: apple, pear, and banana.",source_reported_category_mean,7.2,,,,,,,,ppb,,,direct_baby_food_category_mean_needs_review,deterministic_parser_meli2024_table5_category_means,candidate_only_not_published,needs_review,EF-3,4,"Meli 2024 Table 5 Fruit mean: Al 0.580; As <0.0197; Hg 0.0072; Ni 0.137; Sn 0.098 mg/kg wet weight. Table 2 reports Cd LOD 0.005 mg/kg and Pb LOD 0.10 mg/kg, with zero samples above LOD across the study. Values are Table 5 category means in mg/kg wet weight, normalized to ppb.","Deterministic parse of Meli 2024 Table 5 category mean concentrations. Rows are source-reported category means, not sample distributions or percentiles. Source reports Hg; retained as total mercury, not methylmercury.","Candidate row only; do not publish until source table, product fit, basis, species, unit, and N are reviewed. Do not infer p90/p95."
meli2024-chemical-characterization-baby-food-italy-fruit-purees-Ni,fruit-purees,meli2024-chemical-characterization-baby-food-italy,Chemical characterization of baby food consumed in Italy,wiki/sources/meli2024-chemical-characterization-baby-food-italy.md,"Homogenized fruit products, mean",Ni,wet_weight,3,"Table 5 reports three homogenized fruit products: apple, pear, and banana.",source_reported_category_mean,137,,,,,,,,ppb,,,direct_baby_food_category_mean_needs_review,deterministic_parser_meli2024_table5_category_means,candidate_only_not_published,needs_review,EF-3,5,"Meli 2024 Table 5 Fruit mean: Al 0.580; As <0.0197; Hg 0.0072; Ni 0.137; Sn 0.098 mg/kg wet weight. Table 2 reports Cd LOD 0.005 mg/kg and Pb LOD 0.10 mg/kg, with zero samples above LOD across the study. Values are Table 5 category means in mg/kg wet weight, normalized to ppb.","Deterministic parse of Meli 2024 Table 5 category mean concentrations. Rows are source-reported category means, not sample distributions or percentiles.","Candidate row only; do not publish until source table, product fit, basis, species, unit, and N are reviewed. Do not infer p90/p95."
meli2024-chemical-characterization-baby-food-italy-fruit-purees-Pb,fruit-purees,meli2024-chemical-characterization-baby-food-italy,Chemical characterization of baby food consumed in Italy,wiki/sources/meli2024-chemical-characterization-baby-food-italy.md,"Homogenized fruit products, mean",Pb,wet_weight,3,"Table 5 reports three homogenized fruit products: apple, pear, and banana.",source_reported_censored_category_mean,,,,,,,,,ppb,less_than,100,direct_baby_food_category_mean_needs_review,deterministic_parser_meli2024_table5_category_means,candidate_only_not_published,needs_review,EF-3,6,"Meli 2024 Table 5 Fruit mean: Al 0.580; As <0.0197; Hg 0.0072; Ni 0.137; Sn 0.098 mg/kg wet weight. Table 2 reports Cd LOD 0.005 mg/kg and Pb LOD 0.10 mg/kg, with zero samples above LOD across the study. Values are Table 5 category means in mg/kg wet weight, normalized to ppb.","Deterministic parse of Meli 2024 Table 5 category mean concentrations. Rows are source-reported category means, not sample distributions or percentiles. Table 2 reports zero samples above LOD for this analyte across the study; retained as a censored source-table value. <0.10 mg/kg wet weight retained as a censored source table value.","Candidate row only; do not publish until source table, product fit, basis, species, unit, and N are reviewed. Do not infer p90/p95."
meli2024-chemical-characterization-baby-food-italy-fruit-purees-Sn,fruit-purees,meli2024-chemical-characterization-baby-food-italy,Chemical characterization of baby food consumed in Italy,wiki/sources/meli2024-chemical-characterization-baby-food-italy.md,"Homogenized fruit products, mean",Sn,wet_weight,3,"Table 5 reports three homogenized fruit products: apple, pear, and banana.",source_reported_category_mean,98,,,,,,,,ppb,,,direct_baby_food_category_mean_needs_review,deterministic_parser_meli2024_table5_category_means,candidate_only_not_published,needs_review,EF-3,7,"Meli 2024 Table 5 Fruit mean: Al 0.580; As <0.0197; Hg 0.0072; Ni 0.137; Sn 0.098 mg/kg wet weight. Table 2 reports Cd LOD 0.005 mg/kg and Pb LOD 0.10 mg/kg, with zero samples above LOD across the study. Values are Table 5 category means in mg/kg wet weight, normalized to ppb.","Deterministic parse of Meli 2024 Table 5 category mean concentrations. Rows are source-reported category means, not sample distributions or percentiles.","Candidate row only; do not publish until source table, product fit, basis, species, unit, and N are reviewed. Do not infer p90/p95."
meli2024-chemical-characterization-baby-food-italy-meat-and-poultry-purees-Al,meat-and-poultry-purees,meli2024-chemical-characterization-baby-food-italy,Chemical characterization of baby food consumed in Italy,wiki/sources/meli2024-chemical-characterization-baby-food-italy.md,"Homogenized meat products, mean",Al,wet_weight,4,"Table 5 reports four homogenized meat products: rabbit, lamb, turkey, and veal.",source_reported_category_mean,753,,,,,,,,ppb,,,direct_baby_food_category_mean_needs_review,deterministic_parser_meli2024_table5_category_means,candidate_only_not_published,needs_review,EF-3,1,"Meli 2024 Table 5 Meat mean: Al 0.753; As <0.017; Hg 0.0040; Ni 0.086; Sn 0.267 mg/kg wet weight. Table 2 reports Cd LOD 0.005 mg/kg and Pb LOD 0.10 mg/kg, with zero samples above LOD across the study. Values are Table 5 category means in mg/kg wet weight, normalized to ppb.","Deterministic parse of Meli 2024 Table 5 category mean concentrations. Rows are source-reported category means, not sample distributions or percentiles.","Candidate row only; do not publish until source table, product fit, basis, species, unit, and N are reviewed. Do not infer p90/p95."
meli2024-chemical-characterization-baby-food-italy-meat-and-poultry-purees-tAs,meat-and-poultry-purees,meli2024-chemical-characterization-baby-food-italy,Chemical characterization of baby food consumed in Italy,wiki/sources/meli2024-chemical-characterization-baby-food-italy.md,"Homogenized meat products, mean",tAs,wet_weight,4,"Table 5 reports four homogenized meat products: rabbit, lamb, turkey, and veal.",source_reported_censored_category_mean,,,,,,,,,ppb,less_than,17,direct_baby_food_category_mean_needs_review,deterministic_parser_meli2024_table5_category_means,candidate_only_not_published,needs_review,EF-3,2,"Meli 2024 Table 5 Meat mean: Al 0.753; As <0.017; Hg 0.0040; Ni 0.086; Sn 0.267 mg/kg wet weight. Table 2 reports Cd LOD 0.005 mg/kg and Pb LOD 0.10 mg/kg, with zero samples above LOD across the study. Values are Table 5 category means in mg/kg wet weight, normalized to ppb.","Deterministic parse of Meli 2024 Table 5 category mean concentrations. Rows are source-reported category means, not sample distributions or percentiles. Source reports As; retained as total/unspecified arsenic candidate, not iAs. <0.017 mg/kg wet weight retained as a censored source table value.","Candidate row only; do not publish until source table, product fit, basis, species, unit, and N are reviewed. Do not infer p90/p95."
meli2024-chemical-characterization-baby-food-italy-meat-and-poultry-purees-Cd,meat-and-poultry-purees,meli2024-chemical-characterization-baby-food-italy,Chemical characterization of baby food consumed in Italy,wiki/sources/meli2024-chemical-characterization-baby-food-italy.md,"Homogenized meat products, mean",Cd,wet_weight,4,"Table 5 reports four homogenized meat products: rabbit, lamb, turkey, and veal.",source_reported_censored_category_mean,,,,,,,,,ppb,less_than,5,direct_baby_food_category_mean_needs_review,deterministic_parser_meli2024_table5_category_means,candidate_only_not_published,needs_review,EF-3,3,"Meli 2024 Table 5 Meat mean: Al 0.753; As <0.017; Hg 0.0040; Ni 0.086; Sn 0.267 mg/kg wet weight. Table 2 reports Cd LOD 0.005 mg/kg and Pb LOD 0.10 mg/kg, with zero samples above LOD across the study. Values are Table 5 category means in mg/kg wet weight, normalized to ppb.","Deterministic parse of Meli 2024 Table 5 category mean concentrations. Rows are source-reported category means, not sample distributions or percentiles. Table 2 reports zero samples above LOD for this analyte across the study; retained as a censored source-table value. <0.005 mg/kg wet weight retained as a censored source table value.","Candidate row only; do not publish until source table, product fit, basis, species, unit, and N are reviewed. Do not infer p90/p95."
meli2024-chemical-characterization-baby-food-italy-meat-and-poultry-purees-tHg,meat-and-poultry-purees,meli2024-chemical-characterization-baby-food-italy,Chemical characterization of baby food consumed in Italy,wiki/sources/meli2024-chemical-characterization-baby-food-italy.md,"Homogenized meat products, mean",tHg,wet_weight,4,"Table 5 reports four homogenized meat products: rabbit, lamb, turkey, and veal.",source_reported_category_mean,4,,,,,,,,ppb,,,direct_baby_food_category_mean_needs_review,deterministic_parser_meli2024_table5_category_means,candidate_only_not_published,needs_review,EF-3,4,"Meli 2024 Table 5 Meat mean: Al 0.753; As <0.017; Hg 0.0040; Ni 0.086; Sn 0.267 mg/kg wet weight. Table 2 reports Cd LOD 0.005 mg/kg and Pb LOD 0.10 mg/kg, with zero samples above LOD across the study. Values are Table 5 category means in mg/kg wet weight, normalized to ppb.","Deterministic parse of Meli 2024 Table 5 category mean concentrations. Rows are source-reported category means, not sample distributions or percentiles. Source reports Hg; retained as total mercury, not methylmercury.","Candidate row only; do not publish until source table, product fit, basis, species, unit, and N are reviewed. Do not infer p90/p95."
meli2024-chemical-characterization-baby-food-italy-meat-and-poultry-purees-Ni,meat-and-poultry-purees,meli2024-chemical-characterization-baby-food-italy,Chemical characterization of baby food consumed in Italy,wiki/sources/meli2024-chemical-characterization-baby-food-italy.md,"Homogenized meat products, mean",Ni,wet_weight,4,"Table 5 reports four homogenized meat products: rabbit, lamb, turkey, and veal.",source_reported_category_mean,86,,,,,,,,ppb,,,direct_baby_food_category_mean_needs_review,deterministic_parser_meli2024_table5_category_means,candidate_only_not_published,needs_review,EF-3,5,"Meli 2024 Table 5 Meat mean: Al 0.753; As <0.017; Hg 0.0040; Ni 0.086; Sn 0.267 mg/kg wet weight. Table 2 reports Cd LOD 0.005 mg/kg and Pb LOD 0.10 mg/kg, with zero samples above LOD across the study. Values are Table 5 category means in mg/kg wet weight, normalized to ppb.","Deterministic parse of Meli 2024 Table 5 category mean concentrations. Rows are source-reported category means, not sample distributions or percentiles.","Candidate row only; do not publish until source table, product fit, basis, species, unit, and N are reviewed. Do not infer p90/p95."
meli2024-chemical-characterization-baby-food-italy-meat-and-poultry-purees-Pb,meat-and-poultry-purees,meli2024-chemical-characterization-baby-food-italy,Chemical characterization of baby food consumed in Italy,wiki/sources/meli2024-chemical-characterization-baby-food-italy.md,"Homogenized meat products, mean",Pb,wet_weight,4,"Table 5 reports four homogenized meat products: rabbit, lamb, turkey, and veal.",source_reported_censored_category_mean,,,,,,,,,ppb,less_than,100,direct_baby_food_category_mean_needs_review,deterministic_parser_meli2024_table5_category_means,candidate_only_not_published,needs_review,EF-3,6,"Meli 2024 Table 5 Meat mean: Al 0.753; As <0.017; Hg 0.0040; Ni 0.086; Sn 0.267 mg/kg wet weight. Table 2 reports Cd LOD 0.005 mg/kg and Pb LOD 0.10 mg/kg, with zero samples above LOD across the study. Values are Table 5 category means in mg/kg wet weight, normalized to ppb.","Deterministic parse of Meli 2024 Table 5 category mean concentrations. Rows are source-reported category means, not sample distributions or percentiles. Table 2 reports zero samples above LOD for this analyte across the study; retained as a censored source-table value. <0.10 mg/kg wet weight retained as a censored source table value.","Candidate row only; do not publish until source table, product fit, basis, species, unit, and N are reviewed. Do not infer p90/p95."
meli2024-chemical-characterization-baby-food-italy-meat-and-poultry-purees-Sn,meat-and-poultry-purees,meli2024-chemical-characterization-baby-food-italy,Chemical characterization of baby food consumed in Italy,wiki/sources/meli2024-chemical-characterization-baby-food-italy.md,"Homogenized meat products, mean",Sn,wet_weight,4,"Table 5 reports four homogenized meat products: rabbit, lamb, turkey, and veal.",source_reported_category_mean,267,,,,,,,,ppb,,,direct_baby_food_category_mean_needs_review,deterministic_parser_meli2024_table5_category_means,candidate_only_not_published,needs_review,EF-3,7,"Meli 2024 Table 5 Meat mean: Al 0.753; As <0.017; Hg 0.0040; Ni 0.086; Sn 0.267 mg/kg wet weight. Table 2 reports Cd LOD 0.005 mg/kg and Pb LOD 0.10 mg/kg, with zero samples above LOD across the study. Values are Table 5 category means in mg/kg wet weight, normalized to ppb.","Deterministic parse of Meli 2024 Table 5 category mean concentrations. Rows are source-reported category means, not sample distributions or percentiles.","Candidate row only; do not publish until source table, product fit, basis, species, unit, and N are reviewed. Do not infer p90/p95."
